AA_seq,AH,Median,Mean,NEES_binned,phil_A,phob_A,phil_G,phob_G,phil_V,phob_V,phil_L,phob_L,phil_I,phob_I,phil_F,phob_F,phil_W,phob_W,phil_M,phob_M,phil_Y,phob_Y,phil_C,phob_C,phil_S,phob_S,phil_T,phob_T,phil_R,phob_R,phil_K,phob_K,phil_N,phob_N,phil_Q,phob_Q,phil_D,phob_D,phil_E,phob_E,phil_H,phob_H,phil_P,phob_P,Length,Hydrophobicity,H_moment,Netcharge,Dfactor,phil_S_T,phil_R_K,phil_L_I,phil_F_W,phil_M_C,phil_D_E,phil_N_Q,phob_S_T,phob_R_K,phob_L_I,phob_F_W,phob_M_C,phob_D_E,phob_N_Q,Median_Log,Median_boxcox,Kmeans_bins
EHPIQWLYITCRKVCKG,nemp1,0.557,0.5531111111111111,No Binding,0.0,0.0,0.0,0.11,0.0,0.11,0.0,0.11,0.11,0.11,0.0,0.0,0.11,0.0,0.0,0.0,0.11,0.0,0.0,0.22,0.0,0.0,0.0,0.11,0.11,0.0,0.22,0.0,0.0,0.0,0.11,0.0,0.0,0.0,0.11,0.0,0.11,0.0,0.0,0.11,17.0,0.592,0.3728062140373763,2.0,1.012,0.0,0.33,0.11,0.11,0.0,0.11,0.11,0.11,0.0,0.22,0.0,0.22,0.0,0.0,0.4427608928518613,0.2231805207650876,1
VSEFMTRLFS,emc7,0.942,0.9244,Strong Binding,0.0,0.0,0.0,0.0,0.0,0.25,0.0,0.25,0.0,0.0,0.0,0.5,0.0,0.0,0.0,0.25,0.0,0.0,0.0,0.0,0.25,0.25,0.25,0.0,0.25,0.0,0.0,0.0,0.0,0.0,0.0,0.0,0.0,0.0,0.25,0.0,0.0,0.0,0.0,0.0,10.0,0.626,0.6143528938713448,0.0,0.58,0.5,0.25,0.0,0.0,0.0,0.25,0.0,0.25,0.0,0.25,0.5,0.25,0.0,0.0,0.6637183698691331,0.254975825552267,2
RGLWEKCQEYLRKINRDIAQLLTH,scai,1.248,1.2132916666666669,Strong Binding,0.08,0.0,0.08,0.0,0.0,0.0,0.0,0.31,0.0,0.15,0.0,0.0,0.0,0.08,0.0,0.0,0.0,0.08,0.0,0.08,0.0,0.0,0.08,0.0,0.23,0.0,0.15,0.0,0.0,0.08,0.15,0.0,0.0,0.08,0.15,0.0,0.08,0.0,0.0,0.0,24.0,0.323,0.6308410406257299,2.0,1.256,0.08,0.38,0.0,0.0,0.0,0.15,0.15,0.0,0.0,0.4599999999999999,0.08,0.08,0.08,0.08,0.8100409320314447,0.2657903998266013,0
IMERIMDLPTLLRHAFREVFSV,rnf170,1.8895,1.849277777777778,Strong Binding,0.0,0.1,0.0,0.0,0.0,0.2,0.1,0.2,0.0,0.2,0.0,0.2,0.0,0.0,0.1,0.1,0.0,0.0,0.0,0.0,0.1,0.0,0.1,0.0,0.2,0.1,0.0,0.0,0.0,0.0,0.0,0.0,0.1,0.0,0.2,0.0,0.1,0.0,0.0,0.1,22.0,0.613,0.5161269601213732,0.0,0.487,0.2,0.2,0.1,0.0,0.1,0.3,0.0,0.0,0.1,0.4,0.2,0.1,0.0,0.0,1.0610834767756956,0.2751554579004663,0
QADILGALKHLRKELQSLRNRK,tmem260,0.575,0.573125,No Binding,0.09,0.09,0.09,0.0,0.0,0.0,0.09,0.36,0.0,0.09,0.0,0.0,0.0,0.0,0.0,0.0,0.0,0.0,0.0,0.0,0.09,0.0,0.0,0.0,0.09,0.18,0.18,0.09,0.09,0.0,0.09,0.09,0.09,0.0,0.0,0.09,0.09,0.0,0.0,0.0,22.0,0.116,0.3638868149305032,4.0,1.664,0.09,0.27,0.09,0.0,0.0,0.09,0.18,0.0,0.27,0.4499999999999999,0.0,0.0,0.09,0.09,0.4542552722775964,0.2255192150632854,1
LDFLSERPWIKRMIFKL,apmap,0.547,0.5617272727272727,No Binding,0.0,0.0,0.0,0.0,0.0,0.0,0.22,0.11,0.0,0.22,0.11,0.11,0.11,0.0,0.0,0.11,0.0,0.0,0.0,0.0,0.11,0.0,0.0,0.0,0.11,0.11,0.11,0.11,0.0,0.0,0.0,0.0,0.11,0.0,0.0,0.11,0.0,0.0,0.11,0.0,17.0,0.649,0.1717750607310838,2.0,0.822,0.11,0.22,0.22,0.22,0.0,0.11,0.0,0.0,0.22,0.33,0.11,0.11,0.11,0.0,0.4363175715909291,0.2218271840302974,1
FFIGDWMRCLY,wfs1,0.65,0.6346999999999999,No Binding,0.0,0.0,0.2,0.0,0.0,0.0,0.0,0.2,0.0,0.2,0.2,0.2,0.0,0.2,0.0,0.2,0.2,0.0,0.0,0.2,0.0,0.0,0.0,0.0,0.2,0.0,0.0,0.0,0.0,0.0,0.0,0.0,0.2,0.0,0.0,0.0,0.0,0.0,0.0,0.0,11.0,1.025,0.5181474125721869,0.0,0.489,0.0,0.2,0.0,0.2,0.0,0.2,0.0,0.0,0.0,0.4,0.4,0.4,0.0,0.0,0.5007752879124893,0.2340672392862858,2
LYQRFKKTFR,fam210a,0.5660000000000001,0.5843,No Binding,0.0,0.0,0.0,0.0,0.0,0.0,0.0,0.2,0.0,0.0,0.0,0.4,0.0,0.0,0.0,0.0,0.0,0.2,0.0,0.0,0.0,0.0,0.0,0.2,0.4,0.0,0.4,0.0,0.0,0.0,0.2,0.0,0.0,0.0,0.0,0.0,0.0,0.0,0.0,0.0,10.0,0.228,0.7337574369411513,4.0,2.013,0.0,0.8,0.0,0.0,0.0,0.0,0.2,0.2,0.0,0.2,0.4,0.0,0.0,0.0,0.4485245975686114,0.2243651571785252,1
FWRRLEDLIQGLT,peds1,0.7755000000000001,0.7848333333333334,Subtle Binding,0.0,0.0,0.17,0.0,0.0,0.0,0.0,0.5,0.0,0.17,0.0,0.17,0.0,0.17,0.0,0.0,0.0,0.0,0.0,0.0,0.0,0.0,0.0,0.17,0.33,0.0,0.0,0.0,0.0,0.0,0.17,0.0,0.17,0.0,0.17,0.0,0.0,0.0,0.0,0.0,13.0,0.581,0.7845991380828778,0.0,0.741,0.0,0.33,0.0,0.0,0.0,0.34,0.17,0.17,0.0,0.67,0.34,0.0,0.0,0.0,0.5740820734010056,0.244974678035084,2
LADTLRYWAS,mboat7,0.502,0.532,No Binding,0.2,0.2,0.0,0.0,0.0,0.0,0.0,0.4,0.0,0.0,0.0,0.0,0.0,0.2,0.0,0.0,0.2,0.0,0.0,0.0,0.2,0.0,0.0,0.2,0.2,0.0,0.0,0.0,0.0,0.0,0.0,0.0,0.2,0.0,0.0,0.0,0.0,0.0,0.0,0.0,10.0,0.567,0.632433894862728,0.0,0.597,0.2,0.2,0.0,0.0,0.0,0.2,0.0,0.2,0.0,0.4,0.2,0.0,0.0,0.0,0.406797553341943,0.2152152666119061,1
SFLWQRGRKFLQK,tor1aip2,0.54,0.5610769230769231,No Binding,0.0,0.0,0.0,0.12,0.0,0.0,0.0,0.25,0.0,0.0,0.12,0.12,0.0,0.12,0.0,0.0,0.0,0.0,0.0,0.0,0.12,0.0,0.0,0.0,0.25,0.0,0.25,0.0,0.0,0.0,0.25,0.0,0.0,0.0,0.0,0.0,0.0,0.0,0.0,0.0,13.0,0.365,0.4175439498646662,4.0,1.714,0.12,0.5,0.0,0.12,0.0,0.0,0.25,0.0,0.0,0.25,0.24,0.0,0.0,0.0,0.4317824164255378,0.2208558979566975,1
MSLRQRLAQLVGRLQ,sgpp1,0.7064999999999999,0.7249166666666667,Subtle Binding,0.12,0.0,0.12,0.0,0.0,0.12,0.0,0.5,0.0,0.0,0.0,0.0,0.0,0.0,0.12,0.0,0.0,0.0,0.0,0.0,0.12,0.0,0.0,0.0,0.25,0.12,0.0,0.0,0.0,0.0,0.25,0.12,0.0,0.0,0.0,0.0,0.0,0.0,0.0,0.0,15.0,0.389,0.4199727264870477,3.0,1.386,0.12,0.25,0.0,0.0,0.12,0.0,0.25,0.0,0.12,0.5,0.0,0.0,0.0,0.12,0.5344444893646246,0.2394301797842181,2
HPISRWIARNFY,ndufb5,0.595,0.59825,No Binding,0.17,0.0,0.0,0.0,0.0,0.0,0.0,0.0,0.0,0.33,0.0,0.17,0.0,0.17,0.0,0.0,0.17,0.0,0.0,0.0,0.0,0.17,0.0,0.0,0.33,0.0,0.0,0.0,0.0,0.17,0.0,0.0,0.0,0.0,0.0,0.0,0.17,0.0,0.17,0.0,12.0,0.592,0.373811842849819,2.0,1.013,0.0,0.33,0.0,0.0,0.0,0.0,0.0,0.17,0.0,0.33,0.34,0.0,0.0,0.17,0.4668737362368079,0.2279790793000541,1
SLRPLLRRA,mboat7-2,0.6859999999999999,0.6904999999999999,Subtle Binding,0.0,0.25,0.0,0.0,0.0,0.0,0.0,0.75,0.0,0.0,0.0,0.0,0.0,0.0,0.0,0.0,0.0,0.0,0.0,0.0,0.0,0.25,0.0,0.0,0.75,0.0,0.0,0.0,0.0,0.0,0.0,0.0,0.0,0.0,0.0,0.0,0.0,0.0,0.25,0.0,9.0,0.34,0.5711344618657546,3.0,1.529,0.0,0.75,0.0,0.0,0.0,0.0,0.0,0.25,0.0,0.75,0.0,0.0,0.0,0.0,0.5223588595796637,0.2375784625240513,2
NRGYNLIYRSTRHLKRL,tmem192,0.602,0.5995333333333333,No Binding,0.0,0.0,0.0,0.11,0.0,0.0,0.0,0.33,0.0,0.11,0.0,0.0,0.0,0.0,0.0,0.0,0.11,0.11,0.0,0.0,0.0,0.11,0.0,0.11,0.44,0.0,0.11,0.0,0.22,0.0,0.0,0.0,0.0,0.0,0.0,0.0,0.11,0.0,0.0,0.0,17.0,0.173,0.5130068070238236,5.0,2.134,0.0,0.55,0.0,0.0,0.0,0.0,0.22,0.22,0.0,0.44,0.0,0.0,0.0,0.0,0.4712528486461674,0.2288073165348298,1
RSDVEAIAKLITSFL,cybc1,0.512,0.52225,No Binding,0.14,0.14,0.0,0.0,0.0,0.14,0.0,0.29,0.0,0.29,0.0,0.14,0.0,0.0,0.0,0.0,0.0,0.0,0.0,0.0,0.29,0.0,0.14,0.0,0.14,0.0,0.14,0.0,0.0,0.0,0.0,0.0,0.0,0.14,0.14,0.0,0.0,0.0,0.0,0.0,15.0,0.493,0.5336722493237918,0.0,0.504,0.43,0.28,0.0,0.0,0.0,0.14,0.0,0.0,0.0,0.58,0.14,0.0,0.14,0.0,0.4134332777573413,0.2167624891002973,1
FWCRFRRAFITVTHR,lemd3,1.1,1.1343703703703705,Strong Binding,0.12,0.0,0.0,0.0,0.0,0.12,0.0,0.0,0.12,0.0,0.0,0.38,0.0,0.12,0.0,0.0,0.0,0.0,0.12,0.0,0.0,0.0,0.12,0.12,0.38,0.12,0.0,0.0,0.0,0.0,0.0,0.0,0.0,0.0,0.0,0.0,0.12,0.0,0.0,0.0,15.0,0.607,0.4425567027627534,4.0,1.738,0.12,0.38,0.12,0.0,0.12,0.0,0.0,0.12,0.12,0.0,0.5,0.0,0.0,0.0,0.7419373447293773,0.2614477863387317,0
VLQEIYLSGLRSWKRHLSRFWND,cpt1c,0.783,0.7732666666666667,Subtle Binding,0.0,0.0,0.0,0.08,0.08,0.0,0.08,0.25,0.08,0.0,0.0,0.08,0.0,0.17,0.0,0.0,0.0,0.08,0.0,0.0,0.25,0.0,0.0,0.0,0.25,0.0,0.0,0.08,0.08,0.0,0.0,0.08,0.08,0.0,0.08,0.0,0.0,0.08,0.0,0.0,23.0,0.471,0.5203040812103944,2.0,1.151,0.25,0.25,0.16,0.0,0.0,0.16,0.08,0.0,0.08,0.25,0.25,0.0,0.0,0.08,0.5782973388810033,0.2455197050312606,2
FICQFIEKLFRETIEPAVR,esyt2,0.6214999999999999,0.6305833333333334,No Binding,0.0,0.1,0.0,0.0,0.1,0.0,0.0,0.1,0.0,0.3,0.2,0.1,0.0,0.0,0.0,0.0,0.0,0.0,0.0,0.1,0.0,0.0,0.0,0.1,0.2,0.0,0.1,0.0,0.0,0.0,0.1,0.0,0.0,0.0,0.3,0.0,0.0,0.0,0.0,0.1,19.0,0.598,0.4546350418386472,0.0,0.429,0.0,0.3,0.0,0.2,0.0,0.3,0.1,0.1,0.0,0.4,0.1,0.1,0.0,0.0,0.4833516467652355,0.2310297894841866,1
LWDGARKTVATLWDGHAAVWH,tmem68,0.493,0.49275,No Binding,0.3,0.1,0.2,0.0,0.0,0.2,0.0,0.2,0.0,0.0,0.0,0.0,0.0,0.3,0.0,0.0,0.0,0.0,0.0,0.0,0.0,0.0,0.1,0.1,0.0,0.1,0.1,0.0,0.0,0.0,0.0,0.0,0.2,0.0,0.0,0.0,0.1,0.1,0.0,0.0,21.0,0.527,0.4893773274097895,0.0,0.462,0.1,0.1,0.0,0.0,0.0,0.2,0.0,0.1,0.1,0.2,0.3,0.0,0.0,0.0,0.4007875185570533,0.2137821263997802,1
CASHLAWFGDSLTSLSQRLQ,tmem214,1.408,1.427909090909091,Strong Binding,0.2,0.0,0.0,0.1,0.0,0.0,0.0,0.4,0.0,0.0,0.0,0.1,0.1,0.0,0.0,0.0,0.0,0.0,0.0,0.1,0.2,0.2,0.1,0.0,0.1,0.0,0.0,0.0,0.0,0.0,0.2,0.0,0.1,0.0,0.0,0.0,0.0,0.1,0.0,0.0,20.0,0.55,0.4447841131396514,0.0,0.42,0.3,0.1,0.0,0.1,0.0,0.1,0.2,0.2,0.0,0.4,0.1,0.1,0.0,0.0,0.8787965274465745,0.2692291440551241,0
TLVRAAVRRYL,fitm2,0.811,0.8732380952380953,Strong Binding,0.17,0.17,0.0,0.0,0.0,0.33,0.17,0.17,0.0,0.0,0.0,0.0,0.0,0.0,0.0,0.0,0.0,0.17,0.0,0.0,0.0,0.0,0.17,0.0,0.5,0.0,0.0,0.0,0.0,0.0,0.0,0.0,0.0,0.0,0.0,0.0,0.0,0.0,0.0,0.0,11.0,0.423,0.3793944867820402,3.0,1.348,0.17,0.5,0.17,0.0,0.0,0.0,0.0,0.0,0.0,0.17,0.0,0.0,0.0,0.0,0.5938791789012764,0.2474650688875906,2
WWARAARLARLRFRRSL,tmem160,0.6275,0.6266428571428572,No Binding,0.12,0.38,0.0,0.0,0.0,0.0,0.25,0.12,0.0,0.0,0.0,0.12,0.0,0.25,0.0,0.0,0.0,0.0,0.0,0.0,0.0,0.12,0.0,0.0,0.62,0.12,0.0,0.0,0.0,0.0,0.0,0.0,0.0,0.0,0.0,0.0,0.0,0.0,0.0,0.0,17.0,0.384,0.3212806666009569,6.0,2.283,0.0,0.62,0.25,0.0,0.0,0.0,0.0,0.12,0.12,0.12,0.37,0.0,0.0,0.0,0.4870450951005872,0.2316894510667078,1
WRSTVHGAVKFAFDFFFF,wfs1-2,1.7365,1.7248333333333334,Strong Binding,0.0,0.22,0.11,0.0,0.0,0.22,0.0,0.0,0.0,0.0,0.33,0.33,0.0,0.11,0.0,0.0,0.0,0.0,0.0,0.0,0.11,0.0,0.0,0.11,0.11,0.0,0.11,0.0,0.0,0.0,0.0,0.0,0.11,0.0,0.0,0.0,0.11,0.0,0.0,0.0,18.0,0.757,0.3058661776592128,1.0,0.619,0.11,0.22,0.0,0.33,0.0,0.11,0.0,0.11,0.0,0.0,0.44,0.0,0.0,0.0,1.0066797316018357,0.2737680945258371,0
LASTLKTLL,vma21,0.75,0.7622,Subtle Binding,0.0,0.33,0.0,0.0,0.0,0.0,0.0,1.33,0.0,0.0,0.0,0.0,0.0,0.0,0.0,0.0,0.0,0.0,0.0,0.0,0.33,0.0,0.33,0.33,0.0,0.0,0.33,0.0,0.0,0.0,0.0,0.0,0.0,0.0,0.0,0.0,0.0,0.0,0.0,0.0,9.0,0.733,0.645849810197174,1.0,0.94,0.66,0.33,0.0,0.0,0.0,0.0,0.0,0.33,0.0,1.33,0.0,0.0,0.0,0.0,0.5596157879354227,0.2430409469650932,2
FLKRLSSQLILLQAWTSHLWKMFY,emc1,4.691,4.8654166666666665,Strong Binding,0.08,0.0,0.0,0.0,0.0,0.0,0.08,0.42,0.08,0.0,0.0,0.17,0.0,0.17,0.08,0.0,0.08,0.0,0.0,0.0,0.25,0.0,0.0,0.08,0.08,0.0,0.17,0.0,0.0,0.0,0.0,0.17,0.0,0.0,0.0,0.0,0.08,0.0,0.0,0.0,24.0,0.809,0.4434415930313395,3.0,1.409,0.25,0.25,0.16,0.0,0.08,0.0,0.0,0.08,0.0,0.42,0.34,0.0,0.0,0.17,1.7388859796209868,0.2810800089942487,0
NILSYWIRTSKPVFRKMLFPILL,tmem126a,0.785,0.7558095238095238,Subtle Binding,0.0,0.0,0.0,0.0,0.0,0.08,0.25,0.08,0.0,0.25,0.08,0.08,0.0,0.08,0.0,0.08,0.08,0.0,0.0,0.0,0.08,0.08,0.0,0.08,0.17,0.0,0.17,0.0,0.08,0.0,0.0,0.0,0.0,0.0,0.0,0.0,0.0,0.0,0.08,0.08,23.0,0.803,0.3282255148949154,4.0,1.63,0.08,0.34,0.25,0.08,0.0,0.0,0.08,0.16,0.0,0.33,0.16,0.08,0.0,0.0,0.5794184152316024,0.2456632905125798,2
EWPRKLVSYCPRRLQQLL,ggcx,0.5874999999999999,0.5771428571428572,No Binding,0.0,0.0,0.0,0.0,0.0,0.11,0.0,0.44,0.0,0.0,0.0,0.0,0.0,0.11,0.0,0.0,0.11,0.0,0.0,0.11,0.11,0.0,0.0,0.0,0.22,0.11,0.11,0.0,0.0,0.0,0.22,0.0,0.0,0.0,0.11,0.0,0.0,0.0,0.11,0.11,18.0,0.504,0.5628899626698752,3.0,1.521,0.11,0.33,0.0,0.0,0.0,0.11,0.22,0.0,0.11,0.44,0.11,0.11,0.0,0.0,0.4621604517847096,0.2270731325758884,1
IQLVFKNLQEIWRC,nemp1-2,0.511,0.5102222222222221,No Binding,0.0,0.0,0.0,0.0,0.0,0.14,0.14,0.14,0.0,0.29,0.0,0.14,0.0,0.14,0.0,0.0,0.0,0.0,0.14,0.0,0.0,0.0,0.0,0.0,0.14,0.0,0.14,0.0,0.0,0.14,0.29,0.0,0.0,0.0,0.14,0.0,0.0,0.0,0.0,0.0,14.0,0.723,0.6078897579106425,1.0,0.904,0.0,0.28,0.14,0.0,0.14,0.14,0.29,0.0,0.0,0.43,0.28,0.0,0.0,0.14,0.4127716832906025,0.216609858829114,1
DVLTQIGRSVRGTLDAWI,tmem109,0.4945,0.5166999999999999,No Binding,0.11,0.0,0.11,0.11,0.0,0.22,0.0,0.22,0.0,0.22,0.0,0.0,0.0,0.11,0.0,0.0,0.0,0.0,0.0,0.0,0.11,0.0,0.11,0.11,0.22,0.0,0.0,0.0,0.0,0.0,0.11,0.0,0.22,0.0,0.0,0.0,0.0,0.0,0.0,0.0,18.0,0.483,0.5979082605279065,0.0,0.564,0.22,0.22,0.0,0.0,0.0,0.22,0.11,0.11,0.0,0.44,0.11,0.0,0.0,0.0,0.4017917027418555,0.2140237148991858,1
LTMSGMAGLFSISGKIWHLHNYFTVT,tmx4,1.578,1.5677142857142858,Strong Binding,0.08,0.0,0.15,0.08,0.08,0.0,0.0,0.23,0.0,0.15,0.08,0.08,0.0,0.08,0.08,0.08,0.08,0.0,0.0,0.0,0.15,0.08,0.08,0.15,0.0,0.0,0.08,0.0,0.08,0.0,0.0,0.0,0.0,0.0,0.0,0.0,0.08,0.08,0.0,0.0,26.0,0.723,0.2045253134316717,1.0,0.523,0.2299999999999999,0.08,0.0,0.08,0.08,0.0,0.08,0.2299999999999999,0.0,0.38,0.16,0.08,0.0,0.0,0.9470139045169956,0.2719044449012851,0
FKSSLTRLGRHWLQRLHR,tmem245,0.7284999999999999,0.7274999999999999,Subtle Binding,0.0,0.0,0.0,0.11,0.0,0.0,0.0,0.44,0.0,0.0,0.0,0.11,0.0,0.11,0.0,0.0,0.0,0.0,0.0,0.0,0.22,0.0,0.11,0.0,0.33,0.11,0.0,0.11,0.0,0.0,0.11,0.0,0.0,0.0,0.0,0.0,0.22,0.0,0.0,0.0,18.0,0.335,0.5472635634987176,5.0,2.167,0.33,0.33,0.0,0.0,0.0,0.0,0.11,0.0,0.22,0.44,0.22,0.0,0.0,0.0,0.5472539803795421,0.2413079775701517,2
KQLFRKINCRLSYCISSQLVMLLEWW,agpat4,0.604,0.5896,No Binding,0.0,0.0,0.0,0.0,0.08,0.0,0.08,0.33,0.0,0.17,0.0,0.08,0.0,0.17,0.0,0.08,0.08,0.0,0.08,0.08,0.25,0.0,0.0,0.0,0.17,0.0,0.08,0.08,0.0,0.08,0.08,0.08,0.0,0.0,0.08,0.0,0.0,0.0,0.0,0.0,26.0,0.734,0.3570890119089961,3.0,1.327,0.25,0.25,0.08,0.0,0.08,0.08,0.08,0.0,0.08,0.5,0.25,0.16,0.0,0.16,0.4725005094443227,0.2290409436710006,1
PQKKEDDFLNNAMSSLYSGWSSFTTGASRFASAAKEGATKFGSQASQKASELGHSLNENVLKPAQEKVKEGKIFDDVSSGVSQLASKVQGVGSKGWRDVTTFFSGKAEGPLDS,arfgap1,0.678,0.6858333333333333,Subtle Binding,0.04,0.16,0.07,0.14,0.02,0.11,0.04,0.09,0.0,0.02,0.02,0.11,0.0,0.04,0.0,0.02,0.0,0.02,0.0,0.0,0.27,0.05,0.07,0.02,0.04,0.0,0.14,0.07,0.05,0.02,0.07,0.04,0.09,0.02,0.07,0.05,0.02,0.0,0.0,0.05,113.0,0.186,0.2879933675855683,1.0,0.602,0.34,0.18,0.04,0.02,0.0,0.16,0.12,0.07,0.07,0.11,0.15,0.02,0.07,0.06,0.5176026080450145,0.2368276594135388,2
LPQGQGMLSGIGRKVSSLFGILS,nup133,1.368,1.1827878787878787,Strong Binding,0.0,0.0,0.25,0.17,0.0,0.08,0.0,0.33,0.08,0.08,0.0,0.08,0.0,0.0,0.0,0.08,0.0,0.0,0.0,0.0,0.33,0.0,0.0,0.0,0.08,0.0,0.0,0.08,0.0,0.0,0.17,0.0,0.0,0.0,0.0,0.0,0.0,0.0,0.08,0.0,23.0,0.555,0.4166633078664272,2.0,1.053,0.33,0.08,0.08,0.0,0.0,0.0,0.17,0.0,0.08,0.41,0.08,0.08,0.0,0.0,0.8620457170217593,0.2684670271974754,0
QHQGILSRVTESVKNIVPGWLQRYFNKN,nup153,1.989,1.9692857142857143,Strong Binding,0.0,0.0,0.14,0.0,0.0,0.21,0.0,0.14,0.07,0.07,0.07,0.0,0.0,0.07,0.0,0.0,0.0,0.07,0.0,0.0,0.14,0.0,0.0,0.07,0.14,0.0,0.0,0.14,0.14,0.07,0.14,0.07,0.0,0.0,0.07,0.0,0.0,0.07,0.07,0.0,28.0,0.342,0.351438759927617,3.0,1.322,0.14,0.14,0.07,0.07,0.0,0.07,0.28,0.07,0.14,0.21,0.07,0.0,0.0,0.14,1.0949388833018008,0.2758929099925312,0
TSSLRRQMKNIVH,epsin1,1.1255000000000002,1.1476111111111114,Strong Binding,0.0,0.0,0.0,0.0,0.0,0.14,0.0,0.14,0.0,0.14,0.0,0.0,0.0,0.0,0.0,0.14,0.0,0.0,0.0,0.0,0.29,0.0,0.0,0.14,0.29,0.0,0.14,0.0,0.14,0.0,0.0,0.14,0.0,0.0,0.0,0.0,0.14,0.0,0.0,0.0,13.0,0.187,0.5188805276177958,3.0,1.48,0.29,0.43,0.0,0.0,0.0,0.0,0.14,0.14,0.0,0.28,0.0,0.14,0.0,0.14,0.7540070688167079,0.2622958977612674,0
HLQEQVDQVKKQVKDVEEQSKEFVQQVEEKSIDLIQKWEEKSREFIGSFLEMFG,mdomain,0.488,0.4591666666666666,No Binding,0.0,0.0,0.07,0.0,0.0,0.22,0.04,0.07,0.04,0.07,0.0,0.15,0.0,0.04,0.0,0.04,0.0,0.0,0.0,0.0,0.04,0.11,0.0,0.0,0.04,0.0,0.15,0.11,0.0,0.0,0.22,0.07,0.11,0.0,0.26,0.11,0.04,0.0,0.0,0.0,54.0,0.186,0.462225214087329,-5.0,-1.214,0.04,0.19,0.08,0.0,0.0,0.37,0.22,0.11,0.11,0.14,0.19,0.04,0.11,0.07,0.3974329364109001,0.2129688016699926,1
VEEQSKEFVQQVEEKSIDLIQKWEEKSREFIGSFLEMFG,p2,0.495,0.4981538461538462,No Binding,0.0,0.0,0.11,0.0,0.0,0.16,0.05,0.05,0.05,0.11,0.0,0.21,0.0,0.05,0.0,0.05,0.0,0.0,0.0,0.0,0.05,0.16,0.0,0.0,0.05,0.0,0.11,0.11,0.0,0.0,0.21,0.0,0.05,0.0,0.32,0.16,0.0,0.0,0.0,0.0,39.0,0.271,0.4446130781127236,-5.0,-1.23,0.05,0.16,0.1,0.0,0.0,0.37,0.21,0.16,0.11,0.16,0.26,0.05,0.16,0.0,0.4021262068426497,0.2141039994676959,1
SVAGLKKQFHKATQKVSEKV,endophilina1,0.523,0.5387333333333333,No Binding,0.11,0.11,0.11,0.0,0.0,0.33,0.0,0.11,0.0,0.0,0.0,0.11,0.0,0.0,0.0,0.0,0.0,0.0,0.0,0.0,0.0,0.22,0.0,0.11,0.0,0.0,0.33,0.22,0.0,0.0,0.22,0.0,0.0,0.0,0.11,0.0,0.11,0.0,0.0,0.0,20.0,0.102,0.4626972848361443,4.0,1.757,0.0,0.33,0.0,0.0,0.0,0.11,0.22,0.33,0.22,0.11,0.11,0.0,0.0,0.0,0.4206820739130247,0.2184115176600099,1
MKFYTIKLPKFLGGIVRAMLGSFRKD,spovm,2.9210000000000003,3.310833333333333,Strong Binding,0.08,0.0,0.23,0.0,0.0,0.08,0.08,0.15,0.08,0.08,0.08,0.15,0.0,0.0,0.0,0.15,0.0,0.08,0.0,0.0,0.0,0.08,0.0,0.08,0.15,0.0,0.31,0.0,0.0,0.0,0.0,0.0,0.0,0.08,0.0,0.0,0.0,0.0,0.0,0.08,26.0,0.508,0.3821240213989486,5.0,2.011,0.0,0.4599999999999999,0.16,0.08,0.0,0.0,0.0,0.16,0.0,0.2299999999999999,0.15,0.15,0.08,0.0,1.366346723310195,0.2794640065858527,0
GIGKFLHSAKKFGKAFVGEIMNS,magainin2,0.591,0.5942666666666666,No Binding,0.09,0.09,0.18,0.18,0.0,0.09,0.0,0.09,0.0,0.18,0.0,0.27,0.0,0.0,0.09,0.0,0.0,0.0,0.0,0.0,0.09,0.09,0.0,0.0,0.0,0.0,0.36,0.0,0.09,0.0,0.0,0.0,0.0,0.0,0.0,0.09,0.09,0.0,0.0,0.0,23.0,0.373,0.4746671802728429,3.0,1.438,0.09,0.36,0.0,0.0,0.09,0.0,0.09,0.09,0.0,0.27,0.27,0.0,0.09,0.0,0.4643627493556498,0.2274983263119755,1
MSSWLGGLGSGLGQSLGQVGGSLASLTGQISNFTKDML,gmap210,0.513,0.5363636363636364,No Binding,0.06,0.0,0.39,0.11,0.0,0.06,0.0,0.39,0.0,0.06,0.0,0.06,0.0,0.06,0.0,0.11,0.0,0.0,0.0,0.0,0.22,0.17,0.0,0.11,0.0,0.0,0.06,0.0,0.06,0.0,0.17,0.0,0.06,0.0,0.0,0.0,0.0,0.0,0.0,0.0,38.0,0.499,0.4752097152788333,0.0,0.449,0.22,0.06,0.0,0.0,0.0,0.06,0.23,0.28,0.0,0.45,0.12,0.11,0.0,0.0,0.4140944348062189,0.2169146607282899,1
