AA_seq,Category,AH,Median,Mean,phil_A,phob_A,phil_G,phob_G,phil_V,phob_V,phil_L,phob_L,phil_I,phob_I,phil_F,phob_F,phil_W,phob_W,phil_M,phob_M,phil_Y,phob_Y,phil_C,phob_C,phil_S,phob_S,phil_T,phob_T,phil_R,phob_R,phil_K,phob_K,phil_N,phob_N,phil_Q,phob_Q,phil_D,phob_D,phil_E,phob_E,phil_H,phob_H,phil_P,phob_P,Length,Hydrophobicity,Hydrophobic_density,RK_Hydrophobic_ratio,H_moment,Netcharge,Dfactor,phil_S_T,phil_R_K,phil_L_I,phil_F_W_Y,phil_M_C,phil_D_E,phil_N_Q,phob_S_T,phob_R_K,phob_L_I,phob_F_W_Y,phob_M_C,phob_D_E,phob_N_Q,STRK_ratio,STRK_ratio_Log1p
KQLFRKINCRLSYCISSQLVMLLEWW,3.0,agpat4,1.128968253968254,1.1305744520030234,0.0,0.0,0.0,0.0,0.08,0.0,0.08,0.33,0.0,0.17,0.0,0.08,0.0,0.17,0.0,0.08,0.08,0.0,0.08,0.08,0.25,0.0,0.0,0.0,0.17,0.0,0.08,0.08,0.0,0.08,0.08,0.08,0.0,0.0,0.08,0.0,0.0,0.0,0.0,0.0,26.0,0.734,57.692,0.267,0.35708901190899617,3.0,1.327,0.25,0.25,0.08,0.08,0.08,0.08,0.08,0.0,0.08,0.5,0.25,0.16,0.0,0.16,1.0,0.693
LDFLSERPWIKRMIFKL,3.0,apmap,1.1071428571428572,1.1307142857142858,0.0,0.0,0.0,0.0,0.0,0.0,0.22,0.11,0.0,0.22,0.11,0.11,0.11,0.0,0.0,0.11,0.0,0.0,0.0,0.0,0.11,0.0,0.0,0.0,0.11,0.11,0.11,0.11,0.0,0.0,0.0,0.0,0.11,0.0,0.0,0.11,0.0,0.0,0.11,0.0,17.0,0.649,58.824,0.4,0.1717750607310838,2.0,0.822,0.11,0.22,0.22,0.22,0.0,0.11,0.0,0.0,0.22,0.33,0.11,0.11,0.11,0.0,0.5,0.405
MGNIFANLFKGLFGKKE,4.0,arf1,7.679563492063492,8.718650793650793,0.12,0.0,0.25,0.12,0.0,0.0,0.0,0.25,0.0,0.12,0.12,0.25,0.0,0.0,0.0,0.12,0.0,0.0,0.0,0.0,0.0,0.0,0.0,0.0,0.0,0.0,0.12,0.25,0.25,0.0,0.0,0.0,0.0,0.0,0.12,0.0,0.0,0.0,0.0,0.0,17.0,0.429,41.176,0.429,0.46152968846064835,2.0,1.096,0.0,0.12,0.0,0.12,0.0,0.12,0.25,0.0,0.25,0.37,0.25,0.12,0.0,0.0,0.0,0.0
PQKKEDDFLNNAMSSLYSGWSSFTTGASRFASAAKEGATKFGSQASQKASELGHSLNENVLKPAQEKVKEGKIFDDVSSGVSQLASKVQGVGSKGWRDVTTFFSGKAEGPLDS,4.0,arfgap1,1.3452380952380951,1.3698646125116714,0.04,0.16,0.07,0.14,0.02,0.11,0.04,0.09,0.0,0.02,0.02,0.11,0.0,0.04,0.0,0.02,0.0,0.02,0.0,0.0,0.27,0.05,0.07,0.02,0.04,0.0,0.14,0.07,0.05,0.02,0.07,0.04,0.09,0.02,0.07,0.05,0.02,0.0,0.0,0.05,113.0,0.186,25.664,0.483,0.2879933675855683,1.0,0.602,0.34,0.18000000000000002,0.04,0.02,0.0,0.16,0.12000000000000001,0.07,0.07,0.11,0.16999999999999998,0.02,0.07,0.06,1.889,1.061
FLNNAMSSLYSGWSSFTTGASRFASAAKEGATKFGS,4.0,,,,0.06,0.28,0.0,0.22,0.0,0.0,0.0,0.11,0.0,0.0,0.0,0.22,0.0,0.06,0.0,0.06,0.06,0.0,0.0,0.0,0.44,0.0,0.11,0.06,0.06,0.0,0.11,0.0,0.11,0.0,0.0,0.0,0.0,0.0,0.06,0.0,0.0,0.0,0.0,0.0,36.0,0.347,25.0,0.333,0.3985132835073075,2.0,1.036,0.55,0.16999999999999998,0.0,0.06,0.0,0.06,0.11,0.06,0.0,0.11,0.28,0.06,0.0,0.0,3.235,1.443
IFDDVSSGVSQLASKVQGVGSKGWRDVTTFFS,4.0,,,,0.0,0.06,0.12,0.12,0.0,0.31,0.0,0.06,0.0,0.06,0.0,0.19,0.0,0.06,0.0,0.0,0.0,0.0,0.0,0.0,0.31,0.06,0.12,0.0,0.06,0.0,0.12,0.0,0.0,0.0,0.06,0.06,0.19,0.0,0.0,0.0,0.0,0.0,0.0,0.0,32.0,0.377,34.375,0.273,0.4562957641026141,0.0,0.431,0.43,0.18,0.0,0.0,0.0,0.19,0.06,0.06,0.0,0.12,0.25,0.0,0.0,0.06,2.389,1.221
VLQEIYLSGLRSWKRHLSRFWND,2.0,cpt1c,1.5416666666666667,1.531887755102041,0.0,0.0,0.0,0.08,0.08,0.0,0.08,0.25,0.08,0.0,0.0,0.08,0.0,0.17,0.0,0.0,0.0,0.08,0.0,0.0,0.25,0.0,0.0,0.0,0.25,0.0,0.0,0.08,0.08,0.0,0.0,0.08,0.08,0.0,0.08,0.0,0.0,0.08,0.0,0.0,23.0,0.471,43.478,0.4,0.5203040812103944,2.0,1.151,0.25,0.25,0.16,0.0,0.0,0.16,0.08,0.0,0.08,0.25,0.33,0.0,0.0,0.08,1.0,0.693
RSDVEAIAKLITSFL,3.0,cybc1,1.0049603174603174,1.0179673721340388,0.14,0.14,0.0,0.0,0.0,0.14,0.0,0.29,0.0,0.29,0.0,0.14,0.0,0.0,0.0,0.0,0.0,0.0,0.0,0.0,0.29,0.0,0.14,0.0,0.14,0.0,0.14,0.0,0.0,0.0,0.0,0.0,0.0,0.14,0.14,0.0,0.0,0.0,0.0,0.0,15.0,0.493,40.0,0.333,0.5336722493237918,0.0,0.504,0.43,0.28,0.0,0.0,0.0,0.14,0.0,0.0,0.0,0.58,0.14,0.0,0.14,0.0,1.536,0.931
FLKRLSSQLILLQAWTSHLWKMFY,2.0,emc1,9.577380952380953,9.724900793650791,0.08,0.0,0.0,0.0,0.0,0.0,0.08,0.42,0.08,0.0,0.0,0.17,0.0,0.17,0.08,0.0,0.08,0.0,0.0,0.0,0.25,0.0,0.0,0.08,0.08,0.0,0.17,0.0,0.0,0.0,0.0,0.17,0.0,0.0,0.0,0.0,0.08,0.0,0.0,0.0,24.0,0.809,54.167,0.231,0.4434415930313395,3.0,1.409,0.25,0.25,0.16,0.08,0.08,0.0,0.0,0.08,0.0,0.42,0.34,0.0,0.0,0.17,1.0,0.693
VSEFMTRLFS,1.0,emc7,1.869047619047619,1.8636204481792715,0.0,0.0,0.0,0.0,0.0,0.25,0.0,0.25,0.0,0.0,0.0,0.5,0.0,0.0,0.0,0.25,0.0,0.0,0.0,0.0,0.25,0.25,0.25,0.0,0.25,0.0,0.0,0.0,0.0,0.0,0.0,0.0,0.0,0.0,0.25,0.0,0.0,0.0,0.0,0.0,10.0,0.626,50.0,0.2,0.6143528938713448,0.0,0.58,0.5,0.25,0.0,0.0,0.0,0.25,0.0,0.25,0.0,0.25,0.5,0.25,0.0,0.0,2.0,1.099
SVAGLKKQFHKATQKVSEKV,4.0,endophilina1,1.0367063492063493,1.041971916971917,0.11,0.11,0.11,0.0,0.0,0.33,0.0,0.11,0.0,0.0,0.0,0.11,0.0,0.0,0.0,0.0,0.0,0.0,0.0,0.0,0.0,0.22,0.0,0.11,0.0,0.0,0.33,0.22,0.0,0.0,0.22,0.0,0.0,0.0,0.11,0.0,0.11,0.0,0.0,0.0,20.0,0.102,25.0,1.0,0.46269728483614436,4.0,1.757,0.0,0.33,0.0,0.0,0.0,0.11,0.22,0.33,0.22,0.11,0.11,0.0,0.0,0.0,0.0,0.0
TSSLRRQMKNIVH,0.0,epsin1,2.232142857142857,2.304820693709583,0.0,0.0,0.0,0.0,0.0,0.14,0.0,0.14,0.0,0.14,0.0,0.0,0.0,0.0,0.0,0.14,0.0,0.0,0.0,0.0,0.29,0.0,0.0,0.14,0.29,0.0,0.14,0.0,0.14,0.0,0.0,0.14,0.0,0.0,0.0,0.0,0.14,0.0,0.0,0.0,13.0,0.187,30.769,0.75,0.5188805276177958,3.0,1.48,0.29,0.43,0.0,0.0,0.0,0.0,0.14,0.14,0.0,0.28,0.0,0.14,0.0,0.14,0.674,0.515
FICQFIEKLFRETIEPAVR,3.0,esyt2,1.2152777777777777,1.2345238095238096,0.0,0.1,0.0,0.0,0.1,0.0,0.0,0.1,0.0,0.3,0.2,0.1,0.0,0.0,0.0,0.0,0.0,0.0,0.0,0.1,0.0,0.0,0.0,0.1,0.2,0.0,0.1,0.0,0.0,0.0,0.1,0.0,0.0,0.0,0.3,0.0,0.0,0.0,0.0,0.1,19.0,0.598,52.632,0.3,0.4546350418386472,0.0,0.429,0.0,0.30000000000000004,0.0,0.2,0.0,0.3,0.1,0.1,0.0,0.4,0.1,0.1,0.0,0.0,0.0,0.0
LYQRFKKTFR,3.0,fam210a,1.1071428571428572,1.121164021164021,0.0,0.0,0.0,0.0,0.0,0.0,0.0,0.2,0.0,0.0,0.0,0.4,0.0,0.0,0.0,0.0,0.0,0.2,0.0,0.0,0.0,0.0,0.0,0.2,0.4,0.0,0.4,0.0,0.0,0.0,0.2,0.0,0.0,0.0,0.0,0.0,0.0,0.0,0.0,0.0,10.0,0.228,40.0,1.0,0.7337574369411513,4.0,2.013,0.0,0.8,0.0,0.0,0.0,0.0,0.2,0.2,0.0,0.2,0.6000000000000001,0.0,0.0,0.0,0.0,0.0
TLVRAAVRRYL,1.0,fitm2,1.511904761904762,1.62062324929972,0.17,0.17,0.0,0.0,0.0,0.33,0.17,0.17,0.0,0.0,0.0,0.0,0.0,0.0,0.0,0.0,0.0,0.17,0.0,0.0,0.0,0.0,0.17,0.0,0.5,0.0,0.0,0.0,0.0,0.0,0.0,0.0,0.0,0.0,0.0,0.0,0.0,0.0,0.0,0.0,11.0,0.423,45.455,0.6,0.3793944867820402,3.0,1.348,0.17,0.5,0.17,0.0,0.0,0.0,0.0,0.0,0.0,0.17,0.17,0.0,0.0,0.0,0.34,0.293
EWPRKLVSYCPRRLQQLL,3.0,ggcx,1.1547619047619049,1.1352813852813852,0.0,0.0,0.0,0.0,0.0,0.11,0.0,0.44,0.0,0.0,0.0,0.0,0.0,0.11,0.0,0.0,0.11,0.0,0.0,0.11,0.11,0.0,0.0,0.0,0.22,0.11,0.11,0.0,0.0,0.0,0.22,0.0,0.0,0.0,0.11,0.0,0.0,0.0,0.11,0.11,18.0,0.504,55.556,0.4,0.5628899626698752,3.0,1.521,0.11,0.33,0.0,0.11,0.0,0.11,0.22,0.0,0.11,0.44,0.11,0.11,0.0,0.0,0.333,0.287
MSSWLGGLGSGLGQSLGQVGGSLASLTGQISNFTKDML,4.0,gmap210,1.0347222222222223,1.048059964726631,0.06,0.0,0.39,0.11,0.0,0.06,0.0,0.39,0.0,0.06,0.0,0.06,0.0,0.06,0.0,0.11,0.0,0.0,0.0,0.0,0.22,0.17,0.0,0.11,0.0,0.0,0.06,0.0,0.06,0.0,0.17,0.0,0.06,0.0,0.0,0.0,0.0,0.0,0.0,0.0,38.0,0.499,34.211,0.077,0.4752097152788333,0.0,0.449,0.22,0.06,0.0,0.0,0.0,0.06,0.23,0.28,0.0,0.45,0.12,0.11,0.0,0.0,3.667,1.541
GLFRTIALFYLGSFDSIV,1.0,kdsr,,,0.0,0.11,0.22,0.0,0.11,0.0,0.22,0.11,0.0,0.22,0.0,0.33,0.0,0.0,0.0,0.0,0.0,0.11,0.0,0.0,0.11,0.11,0.11,0.0,0.11,0.0,0.0,0.0,0.0,0.0,0.0,0.0,0.11,0.0,0.0,0.0,0.0,0.0,0.0,0.0,18.0,0.831,55.556,0.1,0.3637031032557817,0.0,0.343,0.22,0.11,0.22,0.0,0.0,0.11,0.0,0.11,0.0,0.33,0.44,0.0,0.0,0.0,2.0,1.099
FWCRFRRAFITVTHR,0.0,,,,0.12,0.0,0.0,0.0,0.0,0.12,0.0,0.0,0.12,0.0,0.0,0.38,0.0,0.12,0.0,0.0,0.0,0.0,0.12,0.0,0.0,0.0,0.12,0.12,0.38,0.12,0.0,0.0,0.0,0.0,0.0,0.0,0.0,0.0,0.0,0.0,0.12,0.0,0.0,0.0,15.0,0.607,46.667,0.571,0.44255670276275344,4.0,1.738,0.12,0.38,0.12,0.0,0.12,0.0,0.0,0.12,0.12,0.0,0.5,0.0,0.0,0.0,0.316,0.275
GIGKFLHSAKKFGKAFVGEIMNS,4.0,magainin2,1.1547619047619049,1.1511243386243386,0.09,0.09,0.18,0.18,0.0,0.09,0.0,0.09,0.0,0.18,0.0,0.27,0.0,0.0,0.09,0.0,0.0,0.0,0.0,0.0,0.09,0.09,0.0,0.0,0.0,0.0,0.36,0.0,0.09,0.0,0.0,0.0,0.0,0.0,0.0,0.09,0.09,0.0,0.0,0.0,23.0,0.373,34.783,0.5,0.47466718027284294,3.0,1.438,0.09,0.36,0.0,0.0,0.09,0.0,0.09,0.09,0.0,0.27,0.27,0.0,0.09,0.0,0.25,0.223
LADTLRYWAS,1.0,mboat7,1.0694444444444446,1.053751803751804,0.2,0.2,0.0,0.0,0.0,0.0,0.0,0.4,0.0,0.0,0.0,0.0,0.0,0.2,0.0,0.0,0.2,0.0,0.0,0.0,0.2,0.0,0.0,0.2,0.2,0.0,0.0,0.0,0.0,0.0,0.0,0.0,0.2,0.0,0.0,0.0,0.0,0.0,0.0,0.0,10.0,0.567,40.0,0.25,0.632433894862728,0.0,0.597,0.2,0.2,0.0,0.2,0.0,0.2,0.0,0.2,0.0,0.4,0.2,0.0,0.0,0.0,1.0,0.693
SLRPLLRRA,1.0,mboat7-2,1.2886904761904765,1.304783950617284,0.0,0.25,0.0,0.0,0.0,0.0,0.0,0.75,0.0,0.0,0.0,0.0,0.0,0.0,0.0,0.0,0.0,0.0,0.0,0.0,0.0,0.25,0.0,0.0,0.75,0.0,0.0,0.0,0.0,0.0,0.0,0.0,0.0,0.0,0.0,0.0,0.0,0.0,0.25,0.0,9.0,0.34,44.444,0.75,0.5711344618657546,3.0,1.529,0.0,0.75,0.0,0.0,0.0,0.0,0.0,0.25,0.0,0.75,0.0,0.0,0.0,0.0,0.0,0.0
HLQEQVDQVKKQVKDVEEQSKEFVQQVEEKSIDLIQKWEEKSREFIGSFLEMFG,4.0,mdomain,0.9742063492063492,0.9918300653594772,0.0,0.0,0.07,0.0,0.0,0.22,0.04,0.07,0.04,0.07,0.0,0.15,0.0,0.04,0.0,0.04,0.0,0.0,0.0,0.0,0.04,0.11,0.0,0.0,0.04,0.0,0.15,0.11,0.0,0.0,0.22,0.07,0.11,0.0,0.26,0.11,0.04,0.0,0.0,0.0,54.0,0.186,33.333,0.444,0.462225214087329,-5.0,-1.214,0.04,0.19,0.08,0.0,0.0,0.37,0.22,0.11,0.11,0.14,0.19,0.04,0.11,0.07,0.211,0.191
HPISRWIARNFY,3.0,ndufb5,1.1587301587301586,1.1564327485380117,0.17,0.0,0.0,0.0,0.0,0.0,0.0,0.0,0.0,0.33,0.0,0.17,0.0,0.17,0.0,0.0,0.17,0.0,0.0,0.0,0.0,0.17,0.0,0.0,0.33,0.0,0.0,0.0,0.0,0.17,0.0,0.0,0.0,0.0,0.0,0.0,0.17,0.0,0.17,0.0,12.0,0.592,50.0,0.333,0.373811842849819,2.0,1.013,0.0,0.33,0.0,0.17,0.0,0.0,0.0,0.17,0.0,0.33,0.34,0.0,0.0,0.17,0.0,0.0
EHPIQWLYITCRKVCKG,3.0,nemp1,1.0892857142857144,1.077838827838828,0.0,0.0,0.0,0.11,0.0,0.11,0.0,0.11,0.11,0.11,0.0,0.0,0.11,0.0,0.0,0.0,0.11,0.0,0.0,0.22,0.0,0.0,0.0,0.11,0.11,0.0,0.22,0.0,0.0,0.0,0.11,0.0,0.0,0.0,0.11,0.0,0.11,0.0,0.0,0.11,17.0,0.592,52.941,0.333,0.3728062140373763,2.0,1.012,0.0,0.33,0.11,0.22,0.0,0.11,0.11,0.11,0.0,0.22,0.0,0.22,0.0,0.0,0.0,0.0
IQLVFKNLQEIWRC,3.0,nemp1-2,1.0138888888888888,1.0144724556489262,0.0,0.0,0.0,0.0,0.0,0.14,0.14,0.14,0.0,0.29,0.0,0.14,0.0,0.14,0.0,0.0,0.0,0.0,0.14,0.0,0.0,0.0,0.0,0.0,0.14,0.0,0.14,0.0,0.0,0.14,0.29,0.0,0.0,0.0,0.14,0.0,0.0,0.0,0.0,0.0,14.0,0.723,57.143,0.25,0.6078897579106425,1.0,0.904,0.0,0.28,0.14,0.0,0.14,0.14,0.29,0.0,0.0,0.43,0.28,0.0,0.0,0.14,0.0,0.0
LPQGQGMLSGIGRKVSSLFGILS,4.0,nup133,1.3859126984126984,1.3880291005291003,0.0,0.0,0.25,0.17,0.0,0.08,0.0,0.33,0.08,0.08,0.0,0.08,0.0,0.0,0.0,0.08,0.0,0.0,0.0,0.0,0.33,0.0,0.0,0.0,0.08,0.0,0.0,0.08,0.0,0.0,0.17,0.0,0.0,0.0,0.0,0.0,0.0,0.0,0.08,0.0,23.0,0.555,43.478,0.2,0.41666330786642725,2.0,1.053,0.33,0.08,0.08,0.0,0.0,0.0,0.17,0.0,0.08,0.41000000000000003,0.08,0.08,0.0,0.0,4.125,1.634
LPQGQGMLSGIGRKVSRLFGILS,4.0,nup133(s17r),1.722222222222222,1.714105339105339,0.0,0.0,0.25,0.17,0.0,0.08,0.0,0.33,0.08,0.08,0.0,0.08,0.0,0.0,0.0,0.08,0.0,0.0,0.0,0.0,0.25,0.0,0.0,0.0,0.17,0.0,0.0,0.08,0.0,0.0,0.17,0.0,0.0,0.0,0.0,0.0,0.0,0.0,0.08,0.0,23.0,0.513,43.478,0.3,0.4525395668346276,3.0,1.417,0.25,0.17,0.08,0.0,0.0,0.0,0.17,0.0,0.08,0.41000000000000003,0.08,0.08,0.0,0.0,1.471,0.905
QHQGILSRVTESVKNIVPGWLQRYFNKN,4.0,,,,0.0,0.0,0.14,0.0,0.0,0.21,0.0,0.14,0.07,0.07,0.07,0.0,0.0,0.07,0.0,0.0,0.0,0.07,0.0,0.0,0.14,0.0,0.0,0.07,0.14,0.0,0.0,0.14,0.14,0.07,0.14,0.07,0.0,0.0,0.07,0.0,0.0,0.07,0.07,0.0,28.0,0.342,39.286,0.364,0.35143875992761703,3.0,1.322,0.14,0.14,0.07,0.07,0.0,0.07,0.28,0.07,0.14,0.21000000000000002,0.14,0.0,0.0,0.14,1.0,0.693
VEEQSKEFVQQVEEKSIDLIQKWEEKSREFIGSFLEMFG,4.0,p2,0.9821428571428572,0.98478835978836,0.0,0.0,0.11,0.0,0.0,0.16,0.05,0.05,0.05,0.11,0.0,0.21,0.0,0.05,0.0,0.05,0.0,0.0,0.0,0.0,0.05,0.16,0.0,0.0,0.05,0.0,0.11,0.11,0.0,0.0,0.21,0.0,0.05,0.0,0.32,0.16,0.0,0.0,0.0,0.0,39.0,0.271,35.897,0.357,0.44461307811272366,-5.0,-1.23,0.05,0.16,0.1,0.0,0.0,0.37,0.21,0.16,0.11,0.16,0.26,0.05,0.16,0.0,0.312,0.272
FWRRLEDLIQGLT,3.0,peds1,1.574404761904762,1.535383597883598,0.0,0.0,0.17,0.0,0.0,0.0,0.0,0.5,0.0,0.17,0.0,0.17,0.0,0.17,0.0,0.0,0.0,0.0,0.0,0.0,0.0,0.0,0.0,0.17,0.33,0.0,0.0,0.0,0.0,0.0,0.17,0.0,0.17,0.0,0.17,0.0,0.0,0.0,0.0,0.0,13.0,0.581,46.154,0.333,0.7845991380828778,0.0,0.741,0.0,0.33,0.0,0.0,0.0,0.34,0.17,0.17,0.0,0.67,0.34,0.0,0.0,0.0,0.0,0.0
IMERIMDLPTLLRHAFREVFSV,2.0,rnf170,3.857142857142857,3.766534391534392,0.0,0.1,0.0,0.0,0.0,0.2,0.1,0.2,0.0,0.2,0.0,0.2,0.0,0.0,0.1,0.1,0.0,0.0,0.0,0.0,0.1,0.0,0.1,0.0,0.2,0.1,0.0,0.0,0.0,0.0,0.0,0.0,0.1,0.0,0.2,0.0,0.1,0.0,0.0,0.1,22.0,0.613,54.545,0.25,0.5161269601213732,0.0,0.487,0.2,0.2,0.1,0.0,0.1,0.30000000000000004,0.0,0.0,0.1,0.4,0.2,0.1,0.0,0.0,1.0,0.693
MAGWDIFGWFRDVLASLGLWNKH,4.0,sar1,8.776785714285715,9.595337301587302,0.08,0.08,0.17,0.08,0.0,0.08,0.08,0.17,0.0,0.08,0.08,0.08,0.08,0.17,0.08,0.0,0.0,0.0,0.0,0.0,0.0,0.08,0.0,0.0,0.08,0.0,0.08,0.0,0.0,0.08,0.0,0.0,0.17,0.0,0.0,0.0,0.08,0.0,0.0,0.0,23.0,0.707,47.826,0.182,0.2700538631906113,0.0,0.255,0.0,0.16,0.08,0.16,0.08,0.17,0.0,0.08,0.0,0.25,0.25,0.0,0.0,0.08,0.0,0.0
RGLWEKCQEYLRKINRDIAQLLTH,2.0,scai,2.6468253968253967,2.690990593768371,0.08,0.0,0.08,0.0,0.0,0.0,0.0,0.31,0.0,0.15,0.0,0.0,0.0,0.08,0.0,0.0,0.0,0.08,0.0,0.08,0.0,0.0,0.08,0.0,0.23,0.0,0.15,0.0,0.0,0.08,0.15,0.0,0.0,0.08,0.15,0.0,0.08,0.0,0.0,0.0,24.0,0.323,37.5,0.556,0.6308410406257299,2.0,1.256,0.08,0.38,0.0,0.0,0.0,0.15,0.15,0.0,0.0,0.45999999999999996,0.16,0.08,0.08,0.08,0.211,0.191
MSLRQRLAQLVGRLQ,2.0,sgpp1,1.3918650793650793,1.4253826530612244,0.12,0.0,0.12,0.0,0.0,0.12,0.0,0.5,0.0,0.0,0.0,0.0,0.0,0.0,0.12,0.0,0.0,0.0,0.0,0.0,0.12,0.0,0.0,0.0,0.25,0.12,0.0,0.0,0.0,0.0,0.25,0.12,0.0,0.0,0.0,0.0,0.0,0.0,0.0,0.0,15.0,0.389,40.0,0.5,0.41997272648704775,3.0,1.386,0.12,0.25,0.0,0.0,0.12,0.0,0.25,0.0,0.12,0.5,0.0,0.0,0.0,0.12,0.48,0.392
MKFYTIKLPKFLGGIVRAMLGSFRKD,0.0,spovm,5.573412698412699,5.879227053140097,0.08,0.0,0.23,0.0,0.0,0.08,0.08,0.15,0.08,0.08,0.08,0.15,0.0,0.0,0.0,0.15,0.0,0.08,0.0,0.0,0.0,0.08,0.0,0.08,0.15,0.0,0.31,0.0,0.0,0.0,0.0,0.0,0.0,0.08,0.0,0.0,0.0,0.0,0.0,0.08,26.0,0.508,50.0,0.462,0.3821240213989486,5.0,2.011,0.0,0.45999999999999996,0.16,0.08,0.0,0.0,0.0,0.16,0.0,0.22999999999999998,0.22999999999999998,0.15,0.08,0.0,0.0,0.0
DVLTQIGRSVRGTLDAWI,3.0,tmem109,1.0535714285714286,1.075042517006803,0.11,0.0,0.11,0.11,0.0,0.22,0.0,0.22,0.0,0.22,0.0,0.0,0.0,0.11,0.0,0.0,0.0,0.0,0.0,0.0,0.11,0.0,0.11,0.11,0.22,0.0,0.0,0.0,0.0,0.0,0.11,0.0,0.22,0.0,0.0,0.0,0.0,0.0,0.0,0.0,18.0,0.483,38.889,0.286,0.5979082605279065,0.0,0.564,0.22,0.22,0.0,0.0,0.0,0.22,0.11,0.11,0.0,0.44,0.11,0.0,0.0,0.0,1.0,0.693
NILSYWIRTSKPVFRKMLFPILL,3.0,tmem126a,1.6091269841269842,1.617724867724868,0.0,0.0,0.0,0.0,0.0,0.08,0.25,0.08,0.0,0.25,0.08,0.08,0.0,0.08,0.0,0.08,0.08,0.0,0.0,0.0,0.08,0.08,0.0,0.08,0.17,0.0,0.17,0.0,0.08,0.0,0.0,0.0,0.0,0.0,0.0,0.0,0.0,0.0,0.08,0.08,23.0,0.803,65.217,0.267,0.32822551489491547,4.0,1.63,0.08,0.34,0.25,0.16,0.0,0.0,0.08,0.16,0.0,0.33,0.16,0.08,0.0,0.0,0.235,0.211
NILSYWIRTSSPVFSKMLFPILL,3.0,tmem126a(k11s/r15s),2.278769841269841,2.607936507936508,0.0,0.0,0.0,0.0,0.0,0.08,0.17,0.17,0.0,0.25,0.08,0.08,0.0,0.08,0.0,0.08,0.08,0.0,0.0,0.0,0.25,0.08,0.08,0.0,0.08,0.0,0.08,0.0,0.08,0.0,0.0,0.0,0.0,0.0,0.0,0.0,0.0,0.0,0.08,0.08,23.0,0.886,65.217,0.133,0.2802795958224715,2.0,0.925,0.33,0.16,0.17,0.16,0.0,0.0,0.08,0.08,0.0,0.42000000000000004,0.16,0.08,0.0,0.0,2.062,1.119
NILSYWIRTSKPVFSKMLFPILL,3.0,tmem126a(r15s),1.984126984126984,2.181159420289855,0.0,0.0,0.0,0.0,0.0,0.08,0.17,0.17,0.0,0.25,0.08,0.08,0.0,0.08,0.0,0.08,0.08,0.0,0.0,0.0,0.17,0.08,0.08,0.0,0.08,0.0,0.17,0.0,0.08,0.0,0.0,0.0,0.0,0.0,0.0,0.0,0.0,0.0,0.08,0.08,23.0,0.845,65.217,0.2,0.29123983416821153,3.0,1.265,0.25,0.25,0.17,0.16,0.0,0.0,0.08,0.08,0.0,0.42000000000000004,0.16,0.08,0.0,0.0,1.0,0.693
WWARAARLARLRFRRSL,3.0,tmem160,1.2361111111111112,1.246031746031746,0.12,0.38,0.0,0.0,0.0,0.0,0.25,0.12,0.0,0.0,0.0,0.12,0.0,0.25,0.0,0.0,0.0,0.0,0.0,0.0,0.0,0.12,0.0,0.0,0.62,0.12,0.0,0.0,0.0,0.0,0.0,0.0,0.0,0.0,0.0,0.0,0.0,0.0,0.0,0.0,17.0,0.384,35.294,1.0,0.3212806666009569,6.0,2.283,0.0,0.62,0.25,0.0,0.0,0.0,0.0,0.12,0.12,0.12,0.37,0.0,0.0,0.0,0.0,0.0
NRGYNLIYRSTRHLKRL,3.0,tmem192,1.1468253968253967,1.146394064872326,0.0,0.0,0.0,0.11,0.0,0.0,0.0,0.33,0.0,0.11,0.0,0.0,0.0,0.0,0.0,0.0,0.11,0.11,0.0,0.0,0.0,0.11,0.0,0.11,0.44,0.0,0.11,0.0,0.22,0.0,0.0,0.0,0.0,0.0,0.0,0.0,0.11,0.0,0.0,0.0,17.0,0.173,35.294,0.833,0.5130068070238236,5.0,2.134,0.0,0.55,0.0,0.11,0.0,0.0,0.22,0.22,0.0,0.44,0.11,0.0,0.0,0.0,0.0,0.0
CASHLAWFGDSLTSLSQRLQ,1.0,tmem214,2.640873015873016,2.7804232804232805,0.2,0.0,0.0,0.1,0.0,0.0,0.0,0.4,0.0,0.0,0.0,0.1,0.1,0.0,0.0,0.0,0.0,0.0,0.0,0.1,0.2,0.2,0.1,0.0,0.1,0.0,0.0,0.0,0.0,0.0,0.2,0.0,0.1,0.0,0.0,0.0,0.0,0.1,0.0,0.0,20.0,0.55,35.0,0.143,0.4447841131396514,0.0,0.42,0.30000000000000004,0.1,0.0,0.1,0.0,0.1,0.2,0.2,0.0,0.4,0.1,0.1,0.0,0.0,3.0,1.386
FKSSLTRLGRHWLQRLHR,3.0,tmem245,1.4543650793650793,1.411796536796537,0.0,0.0,0.0,0.11,0.0,0.0,0.0,0.44,0.0,0.0,0.0,0.11,0.0,0.11,0.0,0.0,0.0,0.0,0.0,0.0,0.22,0.0,0.11,0.0,0.33,0.11,0.0,0.11,0.0,0.0,0.11,0.0,0.0,0.0,0.0,0.0,0.22,0.0,0.0,0.0,18.0,0.335,33.333,0.833,0.5472635634987176,5.0,2.167,0.33,0.33,0.0,0.0,0.0,0.0,0.11,0.0,0.22,0.44,0.22,0.0,0.0,0.0,1.0,0.693
QADILGALKHLRKELQSLRNRK,3.0,tmem260,1.0763888888888888,1.104875283446712,0.09,0.09,0.09,0.0,0.0,0.0,0.09,0.36,0.0,0.09,0.0,0.0,0.0,0.0,0.0,0.0,0.0,0.0,0.0,0.0,0.09,0.0,0.0,0.0,0.09,0.18,0.18,0.09,0.09,0.0,0.09,0.09,0.09,0.0,0.0,0.09,0.09,0.0,0.0,0.0,22.0,0.116,27.273,1.0,0.36388681493050323,4.0,1.664,0.09,0.27,0.09,0.0,0.0,0.09,0.18,0.0,0.27,0.44999999999999996,0.0,0.0,0.09,0.09,0.333,0.287
LWDGARKTVATLWDGHAAVWH,3.0,tmem68,0.9940476190476192,1.0051169590643274,0.3,0.1,0.2,0.0,0.0,0.2,0.0,0.2,0.0,0.0,0.0,0.0,0.0,0.3,0.0,0.0,0.0,0.0,0.0,0.0,0.0,0.0,0.1,0.1,0.0,0.1,0.1,0.0,0.0,0.0,0.0,0.0,0.2,0.0,0.0,0.0,0.1,0.1,0.0,0.0,21.0,0.527,33.333,0.286,0.4893773274097895,0.0,0.462,0.1,0.1,0.0,0.0,0.0,0.2,0.0,0.1,0.1,0.2,0.3,0.0,0.0,0.0,1.0,0.693
LTMSGMAGLFSISGKIWHLHNYFTVT,1.0,tmx4,3.4682539682539684,3.446768707482993,0.08,0.0,0.15,0.08,0.08,0.0,0.0,0.23,0.0,0.15,0.08,0.08,0.0,0.08,0.08,0.08,0.08,0.0,0.0,0.0,0.15,0.08,0.08,0.15,0.0,0.0,0.08,0.0,0.08,0.0,0.0,0.0,0.0,0.0,0.0,0.0,0.08,0.08,0.0,0.0,26.0,0.723,46.154,0.083,0.20452531343167174,1.0,0.523,0.22999999999999998,0.08,0.0,0.16,0.08,0.0,0.08,0.22999999999999998,0.0,0.38,0.16,0.08,0.0,0.0,2.875,1.355
SFLWQRGRKFLQK,3.0,tor1aip2,1.1011904761904765,1.110171261487051,0.0,0.0,0.0,0.12,0.0,0.0,0.0,0.25,0.0,0.0,0.12,0.12,0.0,0.12,0.0,0.0,0.0,0.0,0.0,0.0,0.12,0.0,0.0,0.0,0.25,0.0,0.25,0.0,0.0,0.0,0.25,0.0,0.0,0.0,0.0,0.0,0.0,0.0,0.0,0.0,13.0,0.365,38.462,0.8,0.4175439498646662,4.0,1.714,0.12,0.5,0.0,0.12,0.0,0.0,0.25,0.0,0.0,0.25,0.24,0.0,0.0,0.0,0.24,0.215
LASTLKTLL,1.0,vma21,1.6230158730158728,1.6391093474426808,0.0,0.33,0.0,0.0,0.0,0.0,0.0,1.33,0.0,0.0,0.0,0.0,0.0,0.0,0.0,0.0,0.0,0.0,0.0,0.0,0.33,0.0,0.33,0.33,0.0,0.0,0.33,0.0,0.0,0.0,0.0,0.0,0.0,0.0,0.0,0.0,0.0,0.0,0.0,0.0,9.0,0.733,44.444,0.25,0.645849810197174,1.0,0.94,0.66,0.33,0.0,0.0,0.0,0.0,0.0,0.33,0.0,1.33,0.0,0.0,0.0,0.0,2.0,1.099
FFIGDWMRCLY,3.0,wfs1,1.257936507936508,1.24890873015873,0.0,0.0,0.2,0.0,0.0,0.0,0.0,0.2,0.0,0.2,0.2,0.2,0.0,0.2,0.0,0.2,0.2,0.0,0.0,0.2,0.0,0.0,0.0,0.0,0.2,0.0,0.0,0.0,0.0,0.0,0.0,0.0,0.2,0.0,0.0,0.0,0.0,0.0,0.0,0.0,11.0,1.025,72.727,0.125,0.5181474125721869,0.0,0.489,0.0,0.2,0.0,0.4,0.0,0.2,0.0,0.0,0.0,0.4,0.4,0.4,0.0,0.0,0.0,0.0
WRSTVHGAVKFAFDFFFF,2.0,wfs1-2,3.363095238095238,3.3285533910533913,0.0,0.22,0.11,0.0,0.0,0.22,0.0,0.0,0.0,0.0,0.33,0.33,0.0,0.11,0.0,0.0,0.0,0.0,0.0,0.0,0.11,0.0,0.0,0.11,0.11,0.0,0.11,0.0,0.0,0.0,0.0,0.0,0.11,0.0,0.0,0.0,0.11,0.0,0.0,0.0,18.0,0.757,50.0,0.222,0.30586617765921287,1.0,0.619,0.11,0.22,0.0,0.33,0.0,0.11,0.0,0.11,0.0,0.0,0.44,0.0,0.0,0.0,0.5,0.405
