AA_seq,Category,AH,Median,Mean,phil_A,phob_A,phil_G,phob_G,phil_V,phob_V,phil_L,phob_L,phil_I,phob_I,phil_F,phob_F,phil_W,phob_W,phil_M,phob_M,phil_Y,phob_Y,phil_C,phob_C,phil_S,phob_S,phil_T,phob_T,phil_R,phob_R,phil_K,phob_K,phil_N,phob_N,phil_Q,phob_Q,phil_D,phob_D,phil_E,phob_E,phil_H,phob_H,phil_P,phob_P,Length,Hydrophobicity,H_moment,Netcharge,Dfactor,phil_S_T,phil_R_K,phil_L_I,phil_F_W_Y,phil_M_C,phil_D_E,phil_N_Q,phob_S_T,phob_R_K,phob_L_I,phob_F_W_Y,phob_M_C,phob_D_E,phob_N_Q,STRK_ratio,STRK_ratio_Log1p,NEES_binned,Median_Log1p,Median_boxcox
SLRPLLRRA,0,mboat7-2,0.6859999999999999,0.6904999999999999,0.0,0.25,0.0,0.0,0.0,0.0,0.0,0.75,0.0,0.0,0.0,0.0,0.0,0.0,0.0,0.0,0.0,0.0,0.0,0.0,0.0,0.25,0.0,0.0,0.75,0.0,0.0,0.0,0.0,0.0,0.0,0.0,0.0,0.0,0.0,0.0,0.0,0.0,0.25,0.0,9.0,0.34,0.5711344618657546,3.0,1.529,0.0,0.75,0.0,0.0,0.0,0.0,0.0,0.25,0.0,0.75,0.0,0.0,0.0,0.0,0.0,0.0,Subtle Binding,0.5223588595796637,0.2555090336938542
FWCRFRRAFITVTHR,0,lemd3,1.1445,1.1867142857142856,0.12,0.0,0.0,0.0,0.0,0.12,0.0,0.0,0.12,0.0,0.0,0.38,0.0,0.12,0.0,0.0,0.0,0.0,0.12,0.0,0.0,0.0,0.12,0.12,0.38,0.12,0.0,0.0,0.0,0.0,0.0,0.0,0.0,0.0,0.0,0.0,0.12,0.0,0.0,0.0,15.0,0.607,0.4425567027627534,4.0,1.738,0.12,0.38,0.12,0.0,0.12,0.0,0.0,0.12,0.12,0.0,0.5,0.0,0.0,0.0,0.316,0.275,Strong Binding,0.7629064249747981,0.28775730124428534
VSEFMTRLFS,1,emc7,0.942,0.9244,0.0,0.0,0.0,0.0,0.0,0.25,0.0,0.25,0.0,0.0,0.0,0.5,0.0,0.0,0.0,0.25,0.0,0.0,0.0,0.0,0.25,0.25,0.25,0.0,0.25,0.0,0.0,0.0,0.0,0.0,0.0,0.0,0.0,0.0,0.25,0.0,0.0,0.0,0.0,0.0,10.0,0.626,0.6143528938713448,0.0,0.58,0.5,0.25,0.0,0.0,0.0,0.25,0.0,0.25,0.0,0.25,0.5,0.25,0.0,0.0,2.0,1.099,Strong Binding,0.6637183698691331,0.2773345731835523
LADTLRYWAS,1,mboat7,0.502,0.532,0.2,0.2,0.0,0.0,0.0,0.0,0.0,0.4,0.0,0.0,0.0,0.0,0.0,0.2,0.0,0.0,0.2,0.0,0.0,0.0,0.2,0.0,0.0,0.2,0.2,0.0,0.0,0.0,0.0,0.0,0.0,0.0,0.2,0.0,0.0,0.0,0.0,0.0,0.0,0.0,10.0,0.567,0.632433894862728,0.0,0.597,0.2,0.2,0.0,0.2,0.0,0.2,0.0,0.2,0.0,0.4,0.2,0.0,0.0,0.0,1.0,0.693,No Binding,0.406797553341943,0.22879191449563654
CASHLAWFGDSLTSLSQRLQ,1,tmem214,1.29,1.2957,0.2,0.0,0.0,0.1,0.0,0.0,0.0,0.4,0.0,0.0,0.0,0.1,0.1,0.0,0.0,0.0,0.0,0.0,0.0,0.1,0.2,0.2,0.1,0.0,0.1,0.0,0.0,0.0,0.0,0.0,0.2,0.0,0.1,0.0,0.0,0.0,0.0,0.1,0.0,0.0,20.0,0.55,0.4447841131396514,0.0,0.42,0.3,0.1,0.0,0.1,0.0,0.1,0.2,0.2,0.0,0.4,0.1,0.1,0.0,0.0,3.0,1.386,Strong Binding,0.8285518175661483,0.2930596186086303
TLVRAAVRRYL,1,fitm2,0.811,0.8732380952380953,0.17,0.17,0.0,0.0,0.0,0.33,0.17,0.17,0.0,0.0,0.0,0.0,0.0,0.0,0.0,0.0,0.0,0.17,0.0,0.0,0.0,0.0,0.17,0.0,0.5,0.0,0.0,0.0,0.0,0.0,0.0,0.0,0.0,0.0,0.0,0.0,0.0,0.0,0.0,0.0,11.0,0.423,0.3793944867820402,3.0,1.348,0.17,0.5,0.17,0.0,0.0,0.0,0.0,0.0,0.0,0.17,0.17,0.0,0.0,0.0,0.34,0.293,Strong Binding,0.5938791789012764,0.26776560494438534
LASTLKTLL,1,vma21,0.75,0.7622,0.0,0.33,0.0,0.0,0.0,0.0,0.0,1.33,0.0,0.0,0.0,0.0,0.0,0.0,0.0,0.0,0.0,0.0,0.0,0.0,0.33,0.0,0.33,0.33,0.0,0.0,0.33,0.0,0.0,0.0,0.0,0.0,0.0,0.0,0.0,0.0,0.0,0.0,0.0,0.0,9.0,0.733,0.645849810197174,1.0,0.94,0.66,0.33,0.0,0.0,0.0,0.0,0.0,0.33,0.0,1.33,0.0,0.0,0.0,0.0,2.0,1.099,Subtle Binding,0.5596157879354227,0.26223902720371944
FLKRLSSQLILLQAWTSHLWKMFY,1,emc1,4.691,4.8654166666666665,0.08,0.0,0.0,0.0,0.0,0.0,0.08,0.42,0.08,0.0,0.0,0.17,0.0,0.17,0.08,0.0,0.08,0.0,0.0,0.0,0.25,0.0,0.0,0.08,0.08,0.0,0.17,0.0,0.0,0.0,0.0,0.17,0.0,0.0,0.0,0.0,0.08,0.0,0.0,0.0,24.0,0.809,0.4434415930313395,3.0,1.409,0.25,0.25,0.16,0.08,0.08,0.0,0.0,0.08,0.0,0.42,0.34,0.0,0.0,0.17,1.0,0.693,Strong Binding,1.7388859796209868,0.31473778943108544
LTMSGMAGLFSISGKIWHLHNYFTVT,1,tmx4,1.578,1.5677142857142858,0.08,0.0,0.15,0.08,0.08,0.0,0.0,0.23,0.0,0.15,0.08,0.08,0.0,0.08,0.08,0.08,0.08,0.0,0.0,0.0,0.15,0.08,0.08,0.15,0.0,0.0,0.08,0.0,0.08,0.0,0.0,0.0,0.0,0.0,0.0,0.0,0.08,0.08,0.0,0.0,26.0,0.723,0.2045253134316717,1.0,0.523,0.2299999999999999,0.08,0.0,0.16,0.08,0.0,0.08,0.2299999999999999,0.0,0.38,0.16,0.08,0.0,0.0,2.875,1.355,Strong Binding,0.9470139045169956,0.3002391568164799
RGLWEKCQEYLRKINRDIAQLLTH,2,scai,1.291,1.2864615384615383,0.08,0.0,0.08,0.0,0.0,0.0,0.0,0.31,0.0,0.15,0.0,0.0,0.0,0.08,0.0,0.0,0.0,0.08,0.0,0.08,0.0,0.0,0.08,0.0,0.23,0.0,0.15,0.0,0.0,0.08,0.15,0.0,0.0,0.08,0.15,0.0,0.08,0.0,0.0,0.0,24.0,0.323,0.6308410406257299,2.0,1.256,0.08,0.38,0.0,0.0,0.0,0.15,0.15,0.0,0.0,0.4599999999999999,0.16,0.08,0.08,0.08,0.211,0.191,Strong Binding,0.8289884034713584,0.29309132483887934
IMERIMDLPTLLRHAFREVFSV,2,rnf170,2.0155,1.989,0.0,0.1,0.0,0.0,0.0,0.2,0.1,0.2,0.0,0.2,0.0,0.2,0.0,0.0,0.1,0.1,0.0,0.0,0.0,0.0,0.1,0.0,0.1,0.0,0.2,0.1,0.0,0.0,0.0,0.0,0.0,0.0,0.1,0.0,0.2,0.0,0.1,0.0,0.0,0.1,22.0,0.613,0.5161269601213732,0.0,0.487,0.2,0.2,0.1,0.0,0.1,0.3,0.0,0.0,0.1,0.4,0.2,0.1,0.0,0.0,1.0,0.693,Strong Binding,1.1037656539089045,0.3064126140218795
VLQEIYLSGLRSWKRHLSRFWND,2,cpt1c,0.783,0.7732666666666667,0.0,0.0,0.0,0.08,0.08,0.0,0.08,0.25,0.08,0.0,0.0,0.08,0.0,0.17,0.0,0.0,0.0,0.08,0.0,0.0,0.25,0.0,0.0,0.0,0.25,0.0,0.0,0.08,0.08,0.0,0.0,0.08,0.08,0.0,0.08,0.0,0.0,0.08,0.0,0.0,23.0,0.471,0.5203040812103944,2.0,1.151,0.25,0.25,0.16,0.0,0.0,0.16,0.08,0.0,0.08,0.25,0.33,0.0,0.0,0.08,1.0,0.693,Subtle Binding,0.5782973388810033,0.2653264490370281
WRSTVHGAVKFAFDFFFF,2,wfs1-2,1.7365,1.7248333333333334,0.0,0.22,0.11,0.0,0.0,0.22,0.0,0.0,0.0,0.0,0.33,0.33,0.0,0.11,0.0,0.0,0.0,0.0,0.0,0.0,0.11,0.0,0.0,0.11,0.11,0.0,0.11,0.0,0.0,0.0,0.0,0.0,0.11,0.0,0.0,0.0,0.11,0.0,0.0,0.0,18.0,0.757,0.3058661776592128,1.0,0.619,0.11,0.22,0.0,0.33,0.0,0.11,0.0,0.11,0.0,0.0,0.44,0.0,0.0,0.0,0.5,0.405,Strong Binding,1.0066797316018357,0.30295530291791806
EHPIQWLYITCRKVCKG,3,nemp1,0.557,0.5531111111111111,0.0,0.0,0.0,0.11,0.0,0.11,0.0,0.11,0.11,0.11,0.0,0.0,0.11,0.0,0.0,0.0,0.11,0.0,0.0,0.22,0.0,0.0,0.0,0.11,0.11,0.0,0.22,0.0,0.0,0.0,0.11,0.0,0.0,0.0,0.11,0.0,0.11,0.0,0.0,0.11,17.0,0.592,0.3728062140373763,2.0,1.012,0.0,0.33,0.11,0.22,0.0,0.11,0.11,0.11,0.0,0.22,0.0,0.22,0.0,0.0,0.0,0.0,No Binding,0.4427608928518613,0.23817504436725673
QADILGALKHLRKELQSLRNRK,3,tmem260,0.575,0.573125,0.09,0.09,0.09,0.0,0.0,0.0,0.09,0.36,0.0,0.09,0.0,0.0,0.0,0.0,0.0,0.0,0.0,0.0,0.0,0.0,0.09,0.0,0.0,0.0,0.09,0.18,0.18,0.09,0.09,0.0,0.09,0.09,0.09,0.0,0.0,0.09,0.09,0.0,0.0,0.0,22.0,0.116,0.3638868149305032,4.0,1.664,0.09,0.27,0.09,0.0,0.0,0.09,0.18,0.0,0.27,0.4499999999999999,0.0,0.0,0.09,0.09,0.333,0.287,No Binding,0.4542552722775964,0.2409557424067608
LDFLSERPWIKRMIFKL,3,apmap,0.547,0.5617272727272727,0.0,0.0,0.0,0.0,0.0,0.0,0.22,0.11,0.0,0.22,0.11,0.11,0.11,0.0,0.0,0.11,0.0,0.0,0.0,0.0,0.11,0.0,0.0,0.0,0.11,0.11,0.11,0.11,0.0,0.0,0.0,0.0,0.11,0.0,0.0,0.11,0.0,0.0,0.11,0.0,17.0,0.649,0.1717750607310838,2.0,0.822,0.11,0.22,0.22,0.22,0.0,0.11,0.0,0.0,0.22,0.33,0.11,0.11,0.11,0.0,0.5,0.405,No Binding,0.4363175715909291,0.23657147784111335
FFIGDWMRCLY,3,wfs1,0.65,0.6346999999999999,0.0,0.0,0.2,0.0,0.0,0.0,0.0,0.2,0.0,0.2,0.2,0.2,0.0,0.2,0.0,0.2,0.2,0.0,0.0,0.2,0.0,0.0,0.0,0.0,0.2,0.0,0.0,0.0,0.0,0.0,0.0,0.0,0.2,0.0,0.0,0.0,0.0,0.0,0.0,0.0,11.0,1.025,0.5181474125721869,0.0,0.489,0.0,0.2,0.0,0.4,0.0,0.2,0.0,0.0,0.0,0.4,0.4,0.4,0.0,0.0,0.0,0.0,No Binding,0.5007752879124893,0.2512314926182328
LYQRFKKTFR,3,fam210a,0.5660000000000001,0.5843,0.0,0.0,0.0,0.0,0.0,0.0,0.0,0.2,0.0,0.0,0.0,0.4,0.0,0.0,0.0,0.0,0.0,0.2,0.0,0.0,0.0,0.0,0.0,0.2,0.4,0.0,0.4,0.0,0.0,0.0,0.2,0.0,0.0,0.0,0.0,0.0,0.0,0.0,0.0,0.0,10.0,0.228,0.7337574369411513,4.0,2.013,0.0,0.8,0.0,0.0,0.0,0.0,0.2,0.2,0.0,0.2,0.6000000000000001,0.0,0.0,0.0,0.0,0.0,No Binding,0.4485245975686114,0.23958203029376035
FWRRLEDLIQGLT,3,peds1,0.7755000000000001,0.7848333333333334,0.0,0.0,0.17,0.0,0.0,0.0,0.0,0.5,0.0,0.17,0.0,0.17,0.0,0.17,0.0,0.0,0.0,0.0,0.0,0.0,0.0,0.0,0.0,0.17,0.33,0.0,0.0,0.0,0.0,0.0,0.17,0.0,0.17,0.0,0.17,0.0,0.0,0.0,0.0,0.0,13.0,0.581,0.7845991380828778,0.0,0.741,0.0,0.33,0.0,0.0,0.0,0.34,0.17,0.17,0.0,0.67,0.34,0.0,0.0,0.0,0.0,0.0,Subtle Binding,0.5740820734010056,0.2646456672612818
SFLWQRGRKFLQK,3,tor1aip2,0.54,0.5610769230769231,0.0,0.0,0.0,0.12,0.0,0.0,0.0,0.25,0.0,0.0,0.12,0.12,0.0,0.12,0.0,0.0,0.0,0.0,0.0,0.0,0.12,0.0,0.0,0.0,0.25,0.0,0.25,0.0,0.0,0.0,0.25,0.0,0.0,0.0,0.0,0.0,0.0,0.0,0.0,0.0,13.0,0.365,0.4175439498646662,4.0,1.714,0.12,0.5,0.0,0.12,0.0,0.0,0.25,0.0,0.0,0.25,0.24,0.0,0.0,0.0,0.24,0.215,No Binding,0.43178241642553783,0.23542303586929364
MSLRQRLAQLVGRLQ,3,sgpp1,0.7064999999999999,0.7249166666666667,0.12,0.0,0.12,0.0,0.0,0.12,0.0,0.5,0.0,0.0,0.0,0.0,0.0,0.0,0.12,0.0,0.0,0.0,0.0,0.0,0.12,0.0,0.0,0.0,0.25,0.12,0.0,0.0,0.0,0.0,0.25,0.12,0.0,0.0,0.0,0.0,0.0,0.0,0.0,0.0,15.0,0.389,0.4199727264870477,3.0,1.386,0.12,0.25,0.0,0.0,0.12,0.0,0.25,0.0,0.12,0.5,0.0,0.0,0.0,0.12,0.48,0.392,Subtle Binding,0.5344444893646246,0.25777966970103094
HPISRWIARNFY,3,ndufb5,0.595,0.59825,0.17,0.0,0.0,0.0,0.0,0.0,0.0,0.0,0.0,0.33,0.0,0.17,0.0,0.17,0.0,0.0,0.17,0.0,0.0,0.0,0.0,0.17,0.0,0.0,0.33,0.0,0.0,0.0,0.0,0.17,0.0,0.0,0.0,0.0,0.0,0.0,0.17,0.0,0.17,0.0,12.0,0.592,0.373811842849819,2.0,1.013,0.0,0.33,0.0,0.17,0.0,0.0,0.0,0.17,0.0,0.33,0.34,0.0,0.0,0.17,0.0,0.0,No Binding,0.4668737362368079,0.2438941453075798
NRGYNLIYRSTRHLKRL,3,tmem192,0.602,0.5995333333333333,0.0,0.0,0.0,0.11,0.0,0.0,0.0,0.33,0.0,0.11,0.0,0.0,0.0,0.0,0.0,0.0,0.11,0.11,0.0,0.0,0.0,0.11,0.0,0.11,0.44,0.0,0.11,0.0,0.22,0.0,0.0,0.0,0.0,0.0,0.0,0.0,0.11,0.0,0.0,0.0,17.0,0.173,0.5130068070238236,5.0,2.134,0.0,0.55,0.0,0.11,0.0,0.0,0.22,0.22,0.0,0.44,0.11,0.0,0.0,0.0,0.0,0.0,No Binding,0.47125284864616745,0.2448867726560847
RSDVEAIAKLITSFL,3,cybc1,0.512,0.52225,0.14,0.14,0.0,0.0,0.0,0.14,0.0,0.29,0.0,0.29,0.0,0.14,0.0,0.0,0.0,0.0,0.0,0.0,0.0,0.0,0.29,0.0,0.14,0.0,0.14,0.0,0.14,0.0,0.0,0.0,0.0,0.0,0.0,0.14,0.14,0.0,0.0,0.0,0.0,0.0,15.0,0.493,0.5336722493237918,0.0,0.504,0.43,0.28,0.0,0.0,0.0,0.14,0.0,0.0,0.0,0.58,0.14,0.0,0.14,0.0,1.536,0.931,No Binding,0.4134332777573413,0.23060451142903352
FICQFIEKLFRETIEPAVR,3,esyt2,0.6214999999999999,0.6305833333333334,0.0,0.1,0.0,0.0,0.1,0.0,0.0,0.1,0.0,0.3,0.2,0.1,0.0,0.0,0.0,0.0,0.0,0.0,0.0,0.1,0.0,0.0,0.0,0.1,0.2,0.0,0.1,0.0,0.0,0.0,0.1,0.0,0.0,0.0,0.3,0.0,0.0,0.0,0.0,0.1,19.0,0.598,0.4546350418386472,0.0,0.429,0.0,0.3,0.0,0.2,0.0,0.3,0.1,0.1,0.0,0.4,0.1,0.1,0.0,0.0,0.0,0.0,No Binding,0.48335164676523557,0.24755881390138465
LWDGARKTVATLWDGHAAVWH,3,tmem68,0.493,0.49275,0.3,0.1,0.2,0.0,0.0,0.2,0.0,0.2,0.0,0.0,0.0,0.0,0.0,0.3,0.0,0.0,0.0,0.0,0.0,0.0,0.0,0.0,0.1,0.1,0.0,0.1,0.1,0.0,0.0,0.0,0.0,0.0,0.2,0.0,0.0,0.0,0.1,0.1,0.0,0.0,21.0,0.527,0.4893773274097895,0.0,0.462,0.1,0.1,0.0,0.0,0.0,0.2,0.0,0.1,0.1,0.2,0.3,0.0,0.0,0.0,1.0,0.693,No Binding,0.4007875185570533,0.2271170581001827
WWARAARLARLRFRRSL,3,tmem160,0.6275,0.6266428571428572,0.12,0.38,0.0,0.0,0.0,0.0,0.25,0.12,0.0,0.0,0.0,0.12,0.0,0.25,0.0,0.0,0.0,0.0,0.0,0.0,0.0,0.12,0.0,0.0,0.62,0.12,0.0,0.0,0.0,0.0,0.0,0.0,0.0,0.0,0.0,0.0,0.0,0.0,0.0,0.0,17.0,0.384,0.3212806666009569,6.0,2.283,0.0,0.62,0.25,0.0,0.0,0.0,0.0,0.12,0.12,0.12,0.37,0.0,0.0,0.0,0.0,0.0,No Binding,0.48704509510058724,0.24835434612236684
NILSYWIRTSKPVFRKMLFPILL,3,tmem126a,0.811,0.8284615384615385,0.0,0.0,0.0,0.0,0.0,0.08,0.25,0.08,0.0,0.25,0.08,0.08,0.0,0.08,0.0,0.08,0.08,0.0,0.0,0.0,0.08,0.08,0.0,0.08,0.17,0.0,0.17,0.0,0.08,0.0,0.0,0.0,0.0,0.0,0.0,0.0,0.0,0.0,0.08,0.08,23.0,0.803,0.3282255148949154,4.0,1.63,0.08,0.34,0.25,0.16,0.0,0.0,0.08,0.16,0.0,0.33,0.16,0.08,0.0,0.0,0.235,0.211,Strong Binding,0.5938791789012764,0.26776560494438534
EWPRKLVSYCPRRLQQLL,3,ggcx,0.5874999999999999,0.5771428571428572,0.0,0.0,0.0,0.0,0.0,0.11,0.0,0.44,0.0,0.0,0.0,0.0,0.0,0.11,0.0,0.0,0.11,0.0,0.0,0.11,0.11,0.0,0.0,0.0,0.22,0.11,0.11,0.0,0.0,0.0,0.22,0.0,0.0,0.0,0.11,0.0,0.0,0.0,0.11,0.11,18.0,0.504,0.5628899626698752,3.0,1.521,0.11,0.33,0.0,0.11,0.0,0.11,0.22,0.0,0.11,0.44,0.11,0.11,0.0,0.0,0.333,0.287,No Binding,0.4621604517847096,0.24281028854745326
IQLVFKNLQEIWRC,3,nemp1-2,0.511,0.5102222222222221,0.0,0.0,0.0,0.0,0.0,0.14,0.14,0.14,0.0,0.29,0.0,0.14,0.0,0.14,0.0,0.0,0.0,0.0,0.14,0.0,0.0,0.0,0.0,0.0,0.14,0.0,0.14,0.0,0.0,0.14,0.29,0.0,0.0,0.0,0.14,0.0,0.0,0.0,0.0,0.0,14.0,0.723,0.6078897579106425,1.0,0.904,0.0,0.28,0.14,0.0,0.14,0.14,0.29,0.0,0.0,0.43,0.28,0.0,0.0,0.14,0.0,0.0,No Binding,0.41277168329060254,0.2304254953935267
DVLTQIGRSVRGTLDAWI,3,tmem109,0.4945,0.5166999999999999,0.11,0.0,0.11,0.11,0.0,0.22,0.0,0.22,0.0,0.22,0.0,0.0,0.0,0.11,0.0,0.0,0.0,0.0,0.0,0.0,0.11,0.0,0.11,0.11,0.22,0.0,0.0,0.0,0.0,0.0,0.11,0.0,0.22,0.0,0.0,0.0,0.0,0.0,0.0,0.0,18.0,0.483,0.5979082605279065,0.0,0.564,0.22,0.22,0.0,0.0,0.0,0.22,0.11,0.11,0.0,0.44,0.11,0.0,0.0,0.0,1.0,0.693,No Binding,0.4017917027418555,0.22739912181026406
FKSSLTRLGRHWLQRLHR,3,tmem245,0.7284999999999999,0.7274999999999999,0.0,0.0,0.0,0.11,0.0,0.0,0.0,0.44,0.0,0.0,0.0,0.11,0.0,0.11,0.0,0.0,0.0,0.0,0.0,0.0,0.22,0.0,0.11,0.0,0.33,0.11,0.0,0.11,0.0,0.0,0.11,0.0,0.0,0.0,0.0,0.0,0.22,0.0,0.0,0.0,18.0,0.335,0.5472635634987176,5.0,2.167,0.33,0.33,0.0,0.0,0.0,0.0,0.11,0.0,0.22,0.44,0.22,0.0,0.0,0.0,1.0,0.693,Subtle Binding,0.5472539803795421,0.2600933720930472
KQLFRKINCRLSYCISSQLVMLLEWW,3,agpat4,0.604,0.5896,0.0,0.0,0.0,0.0,0.08,0.0,0.08,0.33,0.0,0.17,0.0,0.08,0.0,0.17,0.0,0.08,0.08,0.0,0.08,0.08,0.25,0.0,0.0,0.0,0.17,0.0,0.08,0.08,0.0,0.08,0.08,0.08,0.0,0.0,0.08,0.0,0.0,0.0,0.0,0.0,26.0,0.734,0.3570890119089961,3.0,1.327,0.25,0.25,0.08,0.08,0.08,0.08,0.08,0.0,0.08,0.5,0.25,0.16,0.0,0.16,1.0,0.693,No Binding,0.47250050944432276,0.24516707531994167
PQKKEDDFLNNAMSSLYSGWSSFTTGASRFASAAKEGATKFGSQASQKASELGHSLNENVLKPAQEKVKEGKIFDDVSSGVSQLASKVQGVGSKGWRDVTTFFSGKAEGPLDS,4,arfgap1,0.678,0.6858333333333333,0.04,0.16,0.07,0.14,0.02,0.11,0.04,0.09,0.0,0.02,0.02,0.11,0.0,0.04,0.0,0.02,0.0,0.02,0.0,0.0,0.27,0.05,0.07,0.02,0.04,0.0,0.14,0.07,0.05,0.02,0.07,0.04,0.09,0.02,0.07,0.05,0.02,0.0,0.0,0.05,113.0,0.186,0.2879933675855683,1.0,0.602,0.34,0.18,0.04,0.02,0.0,0.16,0.12,0.07,0.07,0.11,0.1699999999999999,0.02,0.07,0.06,1.889,1.061,Subtle Binding,0.5176026080450145,0.25459134995408095
LPQGQGMLSGIGRKVSSLFGILS,4,nup133,0.7355,0.7216874999999999,0.0,0.0,0.25,0.17,0.0,0.08,0.0,0.33,0.08,0.08,0.0,0.08,0.0,0.0,0.0,0.08,0.0,0.0,0.0,0.0,0.33,0.0,0.0,0.0,0.08,0.0,0.0,0.08,0.0,0.0,0.17,0.0,0.0,0.0,0.0,0.0,0.0,0.0,0.08,0.0,23.0,0.555,0.4166633078664272,2.0,1.053,0.33,0.08,0.08,0.0,0.0,0.0,0.17,0.0,0.08,0.41,0.08,0.08,0.0,0.0,4.125,1.634,Subtle Binding,0.551295556319704,0.26080412874098136
QHQGILSRVTESVKNIVPGWLQRYFNKN,4,nup153,1.989,1.9692857142857143,0.0,0.0,0.14,0.0,0.0,0.21,0.0,0.14,0.07,0.07,0.07,0.0,0.0,0.07,0.0,0.0,0.0,0.07,0.0,0.0,0.14,0.0,0.0,0.07,0.14,0.0,0.0,0.14,0.14,0.07,0.14,0.07,0.0,0.0,0.07,0.0,0.0,0.07,0.07,0.0,28.0,0.342,0.351438759927617,3.0,1.322,0.14,0.14,0.07,0.07,0.0,0.07,0.28,0.07,0.14,0.21,0.14,0.0,0.0,0.14,1.0,0.693,Strong Binding,1.0949388833018008,0.30614031425533733
TSSLRRQMKNIVH,4,epsin1,1.1255000000000002,1.1476111111111114,0.0,0.0,0.0,0.0,0.0,0.14,0.0,0.14,0.0,0.14,0.0,0.0,0.0,0.0,0.0,0.14,0.0,0.0,0.0,0.0,0.29,0.0,0.0,0.14,0.29,0.0,0.14,0.0,0.14,0.0,0.0,0.14,0.0,0.0,0.0,0.0,0.14,0.0,0.0,0.0,13.0,0.187,0.5188805276177958,3.0,1.48,0.29,0.43,0.0,0.0,0.0,0.0,0.14,0.14,0.0,0.28,0.0,0.14,0.0,0.14,0.674,0.515,Strong Binding,0.7540070688167079,0.2869499269699377
HLQEQVDQVKKQVKDVEEQSKEFVQQVEEKSIDLIQKWEEKSREFIGSFLEMFG,4,mdomain,0.491,0.5009090909090909,0.0,0.0,0.07,0.0,0.0,0.22,0.04,0.07,0.04,0.07,0.0,0.15,0.0,0.04,0.0,0.04,0.0,0.0,0.0,0.0,0.04,0.11,0.0,0.0,0.04,0.0,0.15,0.11,0.0,0.0,0.22,0.07,0.11,0.0,0.26,0.11,0.04,0.0,0.0,0.0,54.0,0.186,0.462225214087329,-5.0,-1.214,0.04,0.19,0.08,0.0,0.0,0.37,0.22,0.11,0.11,0.14,0.19,0.04,0.11,0.07,0.211,0.191,No Binding,0.3994470357826014,0.22673913252802377
VEEQSKEFVQQVEEKSIDLIQKWEEKSREFIGSFLEMFG,4,p2,0.495,0.4981538461538462,0.0,0.0,0.11,0.0,0.0,0.16,0.05,0.05,0.05,0.11,0.0,0.21,0.0,0.05,0.0,0.05,0.0,0.0,0.0,0.0,0.05,0.16,0.0,0.0,0.05,0.0,0.11,0.11,0.0,0.0,0.21,0.0,0.05,0.0,0.32,0.16,0.0,0.0,0.0,0.0,39.0,0.271,0.4446130781127236,-5.0,-1.23,0.05,0.16,0.1,0.0,0.0,0.37,0.21,0.16,0.11,0.16,0.26,0.05,0.16,0.0,0.312,0.272,No Binding,0.40212620684264977,0.22749288131061274
SVAGLKKQFHKATQKVSEKV,4,endophilina1,0.523,0.5387333333333333,0.11,0.11,0.11,0.0,0.0,0.33,0.0,0.11,0.0,0.0,0.0,0.11,0.0,0.0,0.0,0.0,0.0,0.0,0.0,0.0,0.0,0.22,0.0,0.11,0.0,0.0,0.33,0.22,0.0,0.0,0.22,0.0,0.0,0.0,0.11,0.0,0.11,0.0,0.0,0.0,20.0,0.102,0.4626972848361443,4.0,1.757,0.0,0.33,0.0,0.0,0.0,0.11,0.22,0.33,0.22,0.11,0.11,0.0,0.0,0.0,0.0,0.0,No Binding,0.42068207391302476,0.23254155785557376
MKFYTIKLPKFLGGIVRAMLGSFRKD,4,spovm,2.9210000000000003,3.310833333333333,0.08,0.0,0.23,0.0,0.0,0.08,0.08,0.15,0.08,0.08,0.08,0.15,0.0,0.0,0.0,0.15,0.0,0.08,0.0,0.0,0.0,0.08,0.0,0.08,0.15,0.0,0.31,0.0,0.0,0.0,0.0,0.0,0.0,0.08,0.0,0.0,0.0,0.0,0.0,0.08,26.0,0.508,0.3821240213989486,5.0,2.011,0.0,0.4599999999999999,0.16,0.08,0.0,0.0,0.0,0.16,0.0,0.2299999999999999,0.2299999999999999,0.15,0.08,0.0,0.0,0.0,Strong Binding,1.3663467233101947,0.3118379561894014
GIGKFLHSAKKFGKAFVGEIMNS,4,magainin2,0.591,0.5942666666666666,0.09,0.09,0.18,0.18,0.0,0.09,0.0,0.09,0.0,0.18,0.0,0.27,0.0,0.0,0.09,0.0,0.0,0.0,0.0,0.0,0.09,0.09,0.0,0.0,0.0,0.0,0.36,0.0,0.09,0.0,0.0,0.0,0.0,0.0,0.0,0.09,0.09,0.0,0.0,0.0,23.0,0.373,0.4746671802728429,3.0,1.438,0.09,0.36,0.0,0.0,0.09,0.0,0.09,0.09,0.0,0.27,0.27,0.0,0.09,0.0,0.25,0.223,No Binding,0.4643627493556498,0.24331873642276883
MSSWLGGLGSGLGQSLGQVGGSLASLTGQISNFTKDML,4,gmap210,0.513,0.5363636363636364,0.06,0.0,0.39,0.11,0.0,0.06,0.0,0.39,0.0,0.06,0.0,0.06,0.0,0.06,0.0,0.11,0.0,0.0,0.0,0.0,0.22,0.17,0.0,0.11,0.0,0.0,0.06,0.0,0.06,0.0,0.17,0.0,0.06,0.0,0.0,0.0,0.0,0.0,0.0,0.0,38.0,0.499,0.4752097152788333,0.0,0.449,0.22,0.06,0.0,0.0,0.0,0.06,0.23,0.28,0.0,0.45,0.12,0.11,0.0,0.0,3.667,1.541,No Binding,0.4140944348062189,0.2307830351035101
MAGWDIFGWFRDVLASLGLWNKH,4,sar1,5.0375,5.50225,0.08,0.08,0.17,0.08,0.0,0.08,0.08,0.17,0.0,0.08,0.08,0.08,0.08,0.17,0.08,0.0,0.0,0.0,0.0,0.0,0.0,0.08,0.0,0.0,0.08,0.0,0.08,0.0,0.0,0.08,0.0,0.0,0.17,0.0,0.0,0.0,0.08,0.0,0.0,0.0,23.0,0.707,0.2700538631906113,0.0,0.255,0.0,0.16,0.08,0.16,0.08,0.17,0.0,0.08,0.0,0.25,0.25,0.0,0.0,0.08,0.0,0.0,Strong Binding,1.797990018978691,0.31495757541988717
MGNIFANLFKGLFGKKE,4,arf1,3.344,3.245090909090909,0.12,0.0,0.25,0.12,0.0,0.0,0.0,0.25,0.0,0.12,0.12,0.25,0.0,0.0,0.0,0.12,0.0,0.0,0.0,0.0,0.0,0.0,0.0,0.0,0.0,0.0,0.12,0.25,0.25,0.0,0.0,0.0,0.0,0.0,0.12,0.0,0.0,0.0,0.0,0.0,17.0,0.429,0.4615296884606483,2.0,1.096,0.0,0.12,0.0,0.12,0.0,0.12,0.25,0.0,0.25,0.37,0.25,0.12,0.0,0.0,0.0,0.0,Strong Binding,1.4687955826316343,0.3129976166506175
